person_id,entry_time,exit_time,section_A_in,section_A_out,section_B_in,section_B_out,section_C_in,section_C_out,gender,age,total_time,A_time,B_time,C_time
,,,,,,,,,,,,,,
1,23:19:10,23:24:32,,,,,23:19:30,23:21:40,male,60+,322,0,0,130
2,23:19:10,23:20:44,23:20:26,,,,,,female,40-59,94,0,0,0
3,23:19:11,23:22:18,,,,,23:21:10,23:21:36,male,20-39,187,0,0,26
4,23:19:11,23:22:15,23:20:41,,,,23:19:23,23:20:24,male,60+,184,0,0,61
5,23:19:12,23:21:13,,,23:19:23,23:19:52,,,male,60+,121,0,29,0
6,23:19:12,23:25:27,,,,,23:24:25,23:24:15,male,60+,375,0,0,0
7,23:19:12,23:21:17,,,23:19:53,23:19:54,,,male,60+,125,0,1,0
8,23:19:13,23:27:51,,,23:25:24,23:26:53,23:21:50,23:21:51,male,60+,518,0,89,1
9,23:19:13,23:30:06,,,23:29:41,,,,male,60+,653,0,0,0
10,23:19:13,23:20:47,23:19:23,,,,,,female,60+,94,0,0,0
11,23:19:14,23:31:06,,,23:19:23,23:29:45,,,female,60+,712,0,622,0
12,23:19:14,23:31:46,,,23:29:39,23:30:02,,,male,60+,752,0,23,0
13,23:19:15,23:22:21,,,,,,,male,60+,186,0,0,0
14,23:19:15,23:21:22,,,,,,,female,20-39,127,0,0,0
15,23:19:15,23:21:45,,,,,23:20:16,23:21:06,male,60+,150,0,0,50
16,23:19:16,23:22:16,,,23:20:55,23:21:56,,,female,60+,180,0,61,0
17,23:19:16,23:23:19,23:20:13,23:22:26,,,,,male,60+,243,133,0,0
18,23:19:16,23:27:47,,,23:27:14,23:27:25,,,female,60+,511,0,11,0
19,23:19:17,23:30:42,23:19:23,23:29:03,,,23:29:46,23:30:19,male,20-39,685,580,0,33
20,23:19:17,23:22:49,,,23:19:23,,,,male,60+,212,0,0,0
21,23:19:18,23:24:42,23:19:23,23:20:05,,,23:24:16,,male,60+,324,42,0,0
22,23:19:18,23:27:59,,,23:25:19,23:26:54,23:20:09,23:20:13,male,60+,521,0,95,4
23,23:19:18,23:30:38,23:27:45,23:27:58,,,23:28:24,23:29:21,male,20-39,680,13,0,57
24,23:19:19,23:20:33,,,,,,,male,60+,74,0,0,0
25,23:19:19,23:33:38,,,,,,,male,60+,859,0,0,0
26,23:19:19,23:25:39,23:19:23,,,,,,male,60+,380,0,0,0
27,23:19:20,23:22:17,,,,,23:20:04,,male,60+,177,0,0,0
28,23:19:20,23:22:02,,,,,,,male,60+,162,0,0,0
29,23:19:21,23:47:56,23:43:20,23:45:05,,,23:45:42,23:46:57,male,60+,1715,105,0,75
30,23:19:21,23:44:08,,,,,23:43:43,23:30:07,male,60+,1487,0,0,0
31,23:19:21,23:21:11,,,,,,,male,0-19,110,0,0,0
32,23:19:22,23:21:14,,,,,23:20:18,23:20:55,female,20-39,112,0,0,37
33,23:19:22,23:21:27,,,,,,,male,60+,125,0,0,0
34,23:19:22,23:25:00,,,,,,,female,60+,338,0,0,0
35,23:19:23,23:20:51,23:19:23,23:20:11,,,,,male,20-39,88,48,0,0
36,23:19:23,23:20:23,,,,,,,male,60+,60,0,0,0
40,23:19:24,23:19:57,,,,,,,male,60+,33,0,0,0
42,23:19:25,23:19:50,23:19:25,,,,,,female,0-19,25,0,0,0
43,23:19:25,23:20:17,23:19:51,,,,,,female,60+,52,0,0,0
44,23:19:26,23:24:43,,,,,,,male,20-39,317,0,0,0
45,23:19:26,23:22:35,23:21:47,23:22:06,,,23:22:13,,male,20-39,189,19,0,0
46,23:19:27,23:23:18,23:19:27,23:20:20,23:20:41,,,,male,20-39,231,53,0,0
49,23:19:28,23:20:44,,,,,23:20:18,23:20:14,female,20-39,76,0,0,0
50,23:19:29,23:22:45,23:20:30,23:20:10,,,,,male,60+,196,0,0,0
51,23:19:30,23:20:01,,,,,,,male,20-39,31,0,0,0
55,23:19:31,23:22:19,,23:21:09,23:19:31,,,,male,60+,168,84069,0,0
59,23:19:33,23:23:14,,,23:20:53,23:21:56,23:22:22,,male,60+,221,0,63,0
60,23:19:34,23:31:45,,,23:22:00,23:29:10,,,female,60+,731,0,430,0
65,23:19:36,23:21:59,,,23:20:13,23:21:27,,,female,60+,143,0,74,0
66,23:19:38,23:21:55,,,23:21:35,23:21:11,,,female,20-39,137,0,0,0
69,23:19:39,23:20:48,,,,,,,male,60+,69,0,0,0
73,23:19:41,23:20:14,23:19:41,,,,,,female,60+,33,0,0,0
75,23:19:43,23:27:12,23:20:12,,,,,,male,60+,449,0,0,0
77,23:19:45,23:22:15,,,,,23:20:38,23:21:47,male,60+,150,0,0,69
78,23:19:46,23:30:46,,,,,,,male,60+,660,0,0,0
79,23:19:49,23:20:11,,,,,,,male,20-39,22,0,0,0
83,23:19:53,23:26:24,23:20:00,23:22:07,,,,,male,60+,391,127,0,0
85,23:19:55,23:20:36,,,,,,,male,60+,41,0,0,0
90,23:19:58,23:20:14,,,,,,,female,60+,16,0,0,0
97,23:20:08,23:24:04,23:20:23,23:21:11,23:23:23,23:23:43,,,male,20-39,236,48,20,0
102,23:20:15,23:23:20,,,23:23:01,23:22:25,,,female,60+,185,0,0,0
103,23:20:17,23:22:06,23:21:11,23:20:44,,,23:20:18,23:20:40,male,60+,109,0,0,22
104,23:20:19,23:20:37,,,,,23:20:19,,male,60+,18,0,0,0
107,23:20:23,23:25:06,,,23:24:22,23:24:21,23:22:07,23:22:07,female,60+,283,0,0,0
113,23:20:31,23:21:45,,,,,,,male,20-39,74,0,0,0
114,23:20:32,23:21:48,,,,,,,male,60+,76,0,0,0
117,23:20:34,23:21:10,,,,,,,male,60+,36,0,0,0
121,23:20:46,23:25:16,,,23:21:39,,23:24:56,23:24:09,female,60+,270,0,0,0
122,23:20:47,23:22:05,,,,,,,male,60+,78,0,0,0
123,23:20:52,23:22:12,23:20:52,,,,,,male,60+,80,0,0,0
125,23:20:54,23:21:11,,,,,,,male,60+,17,0,0,0
132,23:21:03,23:21:57,23:21:28,,,,,,female,60+,54,0,0,0
138,23:21:08,23:28:48,,,23:27:28,23:27:48,,,female,60+,460,0,20,0
139,23:21:10,23:21:35,,,,,,,female,60+,25,0,0,0
140,23:21:13,23:22:15,,,,,,,male,60+,62,0,0,0
141,23:21:14,23:21:40,23:21:15,,,,,,male,60+,26,0,0,0
144,23:21:16,23:21:46,,,,,,,male,60+,30,0,0,0
148,23:21:18,23:22:11,,,23:21:18,,,,male,60+,53,0,0,0
150,23:21:21,23:22:14,,,,,23:21:24,23:21:26,male,20-39,53,0,0,2
153,23:21:22,23:25:05,,,,,,,male,60+,223,0,0,0
156,23:21:24,23:21:45,,,,,,,male,60+,21,0,0,0
157,23:21:25,23:21:47,,,,,23:21:26,,male,60+,22,0,0,0
160,23:21:29,23:22:06,23:21:30,,,,,,male,20-39,37,0,0,0
161,23:21:30,23:25:48,,,,,,,male,60+,258,0,0,0
164,23:21:32,23:21:53,,,,,,,female,60+,21,0,0,0
168,23:21:38,23:31:27,,,,,23:30:58,,male,60+,589,0,0,0
172,23:21:42,23:22:18,,,,,,,male,20-39,36,0,0,0
175,23:21:44,23:24:55,23:21:46,23:22:52,,,,,male,60+,191,66,0,0
178,23:21:47,23:22:07,,,,,,,female,20-39,20,0,0,0
180,23:21:50,23:23:59,,,,,,,male,60+,129,0,0,0
183,23:21:56,23:27:10,,,,,23:25:43,23:25:45,male,60+,314,0,0,2
184,23:21:58,23:28:15,,,,,23:27:52,,female,60+,377,0,0,0
185,23:22:00,23:22:25,,,,,23:22:00,,male,60+,25,0,0,0
187,23:22:01,23:25:45,,,23:23:25,23:23:37,23:24:41,23:25:16,male,60+,224,0,12,35
191,23:22:09,23:23:00,23:22:10,23:22:13,,,,,female,60+,51,3,0,0
192,23:22:11,23:22:32,,,,,,,male,20-39,21,0,0,0
197,23:22:16,23:25:45,23:24:43,23:24:44,,,,,male,60+,209,1,0,0
198,23:22:17,23:22:42,23:22:24,,,,,,female,60+,25,0,0,0
199,23:22:20,23:23:10,,,,,,,male,60+,50,0,0,0
202,23:22:22,23:28:44,23:28:24,,,,23:24:58,23:25:09,female,60+,382,0,0,11
203,23:22:23,23:22:42,,,,,,,male,60+,19,0,0,0
204,23:22:24,23:26:21,,,,,23:23:06,23:24:59,female,60+,237,0,0,113
206,23:22:27,23:23:01,,,,,,,male,60+,34,0,0,0
208,23:22:28,23:23:24,23:22:57,23:23:00,,,,,female,60+,56,3,0,0
214,23:22:34,23:23:56,,,,,,,male,40-59,82,0,0,0
216,23:22:36,23:30:14,,,23:29:36,23:29:53,23:28:45,23:29:11,male,60+,458,0,17,26
218,23:22:38,23:22:57,,,,,,,male,60+,19,0,0,0
224,23:22:44,23:23:01,,,,,,,male,20-39,17,0,0,0
226,23:22:49,23:23:14,,,,,23:22:49,,male,20-39,25,0,0,0
228,23:22:55,23:23:14,,,23:22:55,,,,male,60+,19,0,0,0
230,23:22:56,23:23:36,,,23:22:56,,,,male,60+,40,0,0,0
237,23:23:02,23:24:33,23:23:32,23:23:33,,,23:24:11,,male,60+,91,1,0,0
239,23:23:04,23:24:13,,,23:23:04,,,,male,20-39,69,0,0,0
241,23:23:07,23:30:21,,,,,,,male,0-19,434,0,0,0
242,23:23:08,23:28:14,23:26:31,23:26:29,,,,,male,20-39,306,0,0,0
247,23:23:21,23:23:49,,,,,,,male,60+,28,0,0,0
248,23:23:23,23:23:46,,,,,,,male,60+,23,0,0,0
253,23:23:28,23:24:40,,,,,,,male,20-39,72,0,0,0
255,23:23:31,23:24:14,,,,,23:23:31,,male,60+,43,0,0,0
256,23:23:35,23:25:00,23:24:39,23:24:18,,,,,female,20-39,85,0,0,0
262,23:23:40,23:26:11,,,23:24:16,23:24:47,,,female,60+,151,0,31,0
265,23:23:43,23:35:43,,,23:30:26,23:30:59,23:32:45,23:34:47,female,60+,720,0,33,122
272,23:23:49,23:26:50,23:26:28,23:26:04,,,,,male,60+,181,0,0,0
273,23:23:49,23:24:55,23:24:07,23:24:11,,,,,male,60+,66,4,0,0
277,23:23:53,23:24:38,,,23:24:16,,,,male,20-39,45,0,0,0
278,23:23:55,23:24:46,,,,,,,male,60+,51,0,0,0
279,23:23:57,23:25:10,,,,,,,male,20-39,73,0,0,0
280,23:23:58,23:24:54,,,,,,,male,0-19,56,0,0,0
281,23:24:01,23:24:38,23:24:01,,,,,,female,20-39,37,0,0,0
282,23:24:06,23:27:13,,,,,23:25:52,23:25:53,male,60+,187,0,0,1
287,23:24:12,23:24:44,,,,,,,male,20-39,32,0,0,0
292,23:24:17,23:24:49,,,23:24:18,,,,male,60+,32,0,0,0
295,23:24:19,23:24:40,,,,,,,male,60+,21,0,0,0
296,23:24:20,23:24:58,,,,,23:24:20,,male,60+,38,0,0,0
297,23:24:21,23:27:30,,,23:24:21,23:27:09,,,male,20-39,189,0,168,0
302,23:24:26,23:30:06,,,23:27:46,23:28:53,,,male,60+,340,0,67,0
303,23:24:29,23:24:53,,,,,,,male,60+,24,0,0,0
304,23:24:31,23:24:49,,,,,,,male,60+,18,0,0,0
306,23:24:37,23:27:00,,,23:25:32,23:25:45,,,male,60+,143,0,13,0
307,23:24:46,23:29:29,23:27:50,23:27:45,,,,,male,0-19,283,0,0,0
309,23:24:48,23:25:09,,,,,,,male,60+,21,0,0,0
310,23:24:51,23:28:55,,,,,23:24:52,,male,0-19,244,0,0,0
312,23:24:57,23:26:24,,,,,,,male,20-39,87,0,0,0
314,23:25:02,23:32:15,,,23:29:59,23:30:02,,,female,60+,433,0,3,0
316,23:25:04,23:32:06,,,23:31:01,23:31:02,,,female,60+,422,0,1,0
317,23:25:05,23:25:45,,,,,,,male,60+,40,0,0,0
322,23:25:12,23:26:26,,,,,,,male,60+,74,0,0,0
323,23:25:14,23:26:46,23:26:01,23:26:26,23:25:14,23:25:36,,,female,60+,92,25,22,0
324,23:25:15,23:31:38,,,,,,,male,60+,383,0,0,0
329,23:25:19,23:28:56,23:25:53,,,,,,male,60+,217,0,0,0
330,23:25:20,23:26:26,23:25:21,,,,,,female,20-39,66,0,0,0
334,23:25:23,23:33:46,23:33:22,23:33:22,23:27:08,23:27:33,,,female,60+,503,0,25,0
337,23:25:26,23:25:44,,,,,,,male,60+,18,0,0,0
343,23:25:32,23:29:10,23:25:38,23:27:51,,,23:28:13,23:28:53,female,20-39,218,133,0,40
346,23:25:33,23:26:11,,,,,,,male,20-39,38,0,0,0
347,23:25:34,23:25:53,,,,,,,male,60+,19,0,0,0
353,23:25:40,23:31:02,,,23:30:44,,,,male,60+,322,0,0,0
355,23:25:44,23:26:06,,,,,,,male,60+,22,0,0,0
356,23:25:47,23:27:02,,,,,23:26:15,23:26:22,male,60+,75,0,0,7
357,23:25:47,23:28:25,,,23:26:04,23:27:12,23:27:22,23:27:23,male,20-39,158,0,68,1
358,23:25:50,23:26:28,,,,,,,male,20-39,38,0,0,0
362,23:25:55,23:26:41,,,,,,,female,60+,46,0,0,0
364,23:25:57,23:26:48,,,23:26:14,,,,male,60+,51,0,0,0
366,23:25:58,23:26:42,23:25:58,,,,,,female,20-39,44,0,0,0
367,23:26:00,23:29:25,23:26:01,23:27:07,23:27:58,23:28:15,,,female,20-39,205,66,17,0
370,23:26:02,23:26:41,,,,,,,female,60+,39,0,0,0
374,23:26:07,23:27:16,,,,,,,male,60+,69,0,0,0
375,23:26:10,23:26:32,,,,,,,female,60+,22,0,0,0
381,23:26:13,23:26:36,,,,,,,male,60+,23,0,0,0
382,23:26:14,23:28:56,,,23:27:47,23:28:17,,,female,20-39,162,0,30,0
385,23:26:18,23:27:19,,,,,,,male,0-19,61,0,0,0
387,23:26:18,23:29:01,,,,,,,male,20-39,163,0,0,0
388,23:26:20,23:26:57,,,,,23:26:20,,male,60+,37,0,0,0
393,23:26:26,23:31:16,23:26:26,23:27:50,,,23:29:49,23:30:15,male,20-39,290,84,0,26
396,23:26:29,23:33:50,23:33:18,23:33:23,,,,,male,20-39,441,5,0,0
397,23:26:30,23:26:53,,,,,,,male,20-39,23,0,0,0
401,23:26:36,23:28:49,,,23:26:51,23:27:52,,,male,60+,133,0,61,0
402,23:26:38,23:27:53,,,,,,,male,60+,75,0,0,0
403,23:26:41,23:31:03,,,,,23:30:43,23:30:35,female,20-39,262,0,0,0
408,23:26:46,23:29:00,,,,,,,male,60+,134,0,0,0
410,23:26:48,23:34:39,,,,,23:33:47,23:34:08,male,0-19,471,0,0,21
412,23:26:49,23:28:11,,,23:26:54,23:27:30,,,male,20-39,82,0,36,0
417,23:26:55,23:46:23,23:42:56,23:42:56,23:27:04,,,,male,60+,1168,0,0,0
419,23:26:59,23:28:28,,,23:26:59,23:27:16,,,male,20-39,89,0,17,0
421,23:27:01,23:29:15,,,,,,,female,60+,134,0,0,0
422,23:27:02,23:30:21,23:27:11,23:27:12,,,23:29:08,23:29:08,male,60+,199,1,0,0
429,23:27:05,23:28:29,,,,,,,male,20-39,84,0,0,0
430,23:27:06,23:29:25,,,23:27:11,23:28:16,,,male,0-19,139,0,65,0
433,23:27:08,23:30:26,,,,,23:27:10,,female,60+,198,0,0,0
439,23:27:16,23:27:40,,,,,,,male,20-39,24,0,0,0
441,23:27:18,23:27:41,,,,,,,male,20-39,23,0,0,0
447,23:27:22,23:29:31,,,,,,,male,60+,129,0,0,0
448,23:27:23,23:28:23,,,,,,,male,60+,60,0,0,0
449,23:27:25,23:28:08,,,,,,,male,60+,43,0,0,0
450,23:27:26,23:32:10,,,23:27:26,23:30:58,,,male,60+,284,0,212,0
451,23:27:28,23:29:19,,,,,23:27:28,,male,60+,111,0,0,0
453,23:27:29,23:30:36,,,,,23:27:56,23:29:09,male,20-39,187,0,0,73
458,23:27:33,23:32:39,23:32:18,23:32:14,,,23:31:37,23:31:38,male,60+,306,0,0,1
461,23:27:36,23:28:55,23:27:51,23:28:24,,,,,male,20-39,79,33,0,0
466,23:27:41,23:35:17,23:34:53,,23:33:28,23:33:29,23:33:35,23:34:29,male,0-19,456,0,1,54
467,23:27:42,23:28:04,,,,,23:27:42,,male,60+,22,0,0,0
471,23:27:48,23:28:48,,,,,,,male,60+,60,0,0,0
476,23:27:54,23:30:38,23:27:54,,,,,,male,20-39,164,0,0,0
481,23:27:59,23:30:11,,,,,,,male,60+,132,0,0,0
483,23:28:03,23:33:38,,,,,,,male,60+,335,0,0,0
484,23:28:04,23:28:45,,,,,,,male,20-39,41,0,0,0
485,23:28:05,23:28:55,,,,,23:28:28,23:28:32,male,0-19,50,0,0,4
486,23:28:08,23:28:47,,,23:28:08,,,,male,20-39,39,0,0,0
487,23:28:09,23:28:36,,,,,,,male,60+,27,0,0,0
488,23:28:12,23:28:32,,,,,,,male,0-19,20,0,0,0
489,23:28:15,23:28:58,,,,,,,male,60+,43,0,0,0
490,23:28:18,23:32:06,,,23:28:25,23:30:12,,,female,60+,228,0,107,0
496,23:28:22,23:29:08,,,,,,,male,60+,46,0,0,0
497,23:28:23,23:28:44,,,,,,,male,60+,21,0,0,0
504,23:28:32,23:28:55,,,,,23:28:32,,female,60+,23,0,0,0
506,23:28:33,23:32:08,,,23:29:55,23:30:00,,,male,20-39,215,0,5,0
507,23:28:35,23:35:15,,,23:30:44,23:30:03,,,male,60+,400,0,0,0
509,23:28:38,23:31:15,,,23:28:38,23:29:32,23:29:47,23:30:07,male,60+,157,0,54,20
513,23:28:46,23:29:59,,,,,,,male,60+,73,0,0,0
514,23:28:50,23:29:15,,,,,,,male,20-39,25,0,0,0
516,23:28:52,23:38:42,,,,,23:36:18,23:37:24,female,60+,590,0,0,66
517,23:28:53,23:29:25,,,23:28:53,,,,female,60+,32,0,0,0
519,23:29:03,23:29:59,,,23:29:03,,,,male,60+,56,0,0,0
520,23:29:06,23:29:38,23:29:06,,,,,,male,60+,32,0,0,0
522,23:29:12,23:36:45,,,23:34:42,23:35:39,,,male,0-19,453,0,57,0
524,23:29:14,23:29:33,,,,,,,male,20-39,19,0,0,0
527,23:29:17,23:37:35,,,23:29:25,23:36:32,,,male,20-39,498,0,427,0
528,23:29:22,23:30:34,,,,,23:29:38,23:30:09,male,60+,72,0,0,31
529,23:29:24,23:31:24,23:29:50,23:30:28,,,,,male,60+,120,38,0,0
532,23:29:26,23:31:09,,,,,,,male,0-19,103,0,0,0
533,23:29:27,23:30:06,,,,,,,female,60+,39,0,0,0
536,23:29:34,23:39:48,23:34:44,23:34:40,,,,,male,60+,614,0,0,0
542,23:29:39,23:35:06,,,,,23:34:10,23:34:32,male,60+,327,0,0,22
543,23:29:40,23:30:04,23:29:40,,,,,,male,60+,24,0,0,0
547,23:29:44,23:43:05,,,23:32:46,23:36:31,,,female,60+,801,0,225,0
549,23:29:48,23:30:21,,,,,,,male,20-39,33,0,0,0
550,23:29:50,23:30:14,23:29:50,,,,,,female,60+,24,0,0,0
551,23:29:51,23:32:41,,,,,,,female,20-39,170,0,0,0
553,23:29:54,23:30:19,,,,,,,male,20-39,25,0,0,0
554,23:29:54,23:37:27,,,,,,,male,20-39,453,0,0,0
555,23:29:56,23:30:21,23:29:56,,,,,,male,60+,25,0,0,0
563,23:30:01,23:30:34,23:30:01,,,,,,male,20-39,33,0,0,0
565,23:30:05,23:39:56,,,,,,,male,60+,591,0,0,0
567,23:30:09,23:30:32,,,,,,,male,60+,23,0,0,0
569,23:30:11,23:31:44,,,,,23:30:20,23:30:40,female,60+,93,0,0,20
577,23:30:18,23:31:57,,,,,23:30:18,,male,60+,99,0,0,0
581,23:30:23,23:33:25,,,23:31:17,23:31:33,,,male,20-39,182,0,16,0
583,23:30:25,23:31:24,,,,,,,male,20-39,59,0,0,0
585,23:30:27,23:30:49,23:30:28,,,,,,male,40-59,22,0,0,0
586,23:30:28,23:31:08,,,,,,,male,20-39,40,0,0,0
589,23:30:30,23:36:17,23:32:16,,,,,,female,60+,347,0,0,0
590,23:30:31,23:31:10,,,,,,,male,60+,39,0,0,0
594,23:30:35,23:30:54,23:30:36,,,,,,female,20-39,19,0,0,0
595,23:30:37,23:31:08,,,,,,,male,60+,31,0,0,0
600,23:30:41,23:31:18,,,,,,,male,60+,37,0,0,0
604,23:30:47,23:31:11,,,,,,,female,60+,24,0,0,0
605,23:30:52,23:31:09,23:30:53,,,,,,male,20-39,17,0,0,0
608,23:30:55,23:31:14,23:30:56,23:30:58,,,,,male,20-39,19,2,0,0
612,23:31:12,23:32:14,,,,,,,male,60+,62,0,0,0
613,23:31:14,23:31:56,,,,,,,male,60+,42,0,0,0
615,23:31:16,23:33:04,23:32:06,23:32:41,,,23:31:27,23:31:27,male,40-59,108,35,0,0
619,23:31:19,23:31:58,,,,,,,male,60+,39,0,0,0
621,23:31:22,23:31:43,,,,,,,male,20-39,21,0,0,0
623,23:31:24,23:34:13,,,,,,,male,60+,169,0,0,0
625,23:31:26,23:31:45,,,,,,,male,20-39,19,0,0,0
629,23:31:29,23:32:21,,,,,,,male,20-39,52,0,0,0
631,23:31:31,23:38:58,23:38:25,23:38:29,,,,,female,60+,447,4,0,0
634,23:31:34,23:43:42,23:38:55,23:39:09,,,23:39:29,23:40:19,male,60+,728,14,0,50
636,23:31:36,23:31:55,,,,,,,male,20-39,19,0,0,0
640,23:31:40,23:34:43,,,,,,,male,60+,183,0,0,0
642,23:31:42,23:32:18,,,,,,,male,20-39,36,0,0,0
646,23:31:46,23:32:49,,,,,23:31:46,,female,20-39,63,0,0,0
647,23:31:48,23:32:11,,,,,,,male,60+,23,0,0,0
651,23:31:50,23:46:01,23:42:23,23:45:09,23:32:29,23:37:03,,,female,60+,851,166,274,0
652,23:31:51,23:33:26,23:32:33,23:32:57,,,,,male,60+,95,24,0,0
660,23:32:00,23:32:24,,,,,23:32:00,,male,60+,24,0,0,0
665,23:32:05,23:32:58,23:32:06,23:32:39,,,,,male,20-39,53,33,0,0
666,23:32:06,23:32:26,,,,,,,male,20-39,20,0,0,0
668,23:32:09,23:32:29,23:32:09,,,,,,male,20-39,20,0,0,0
669,23:32:09,23:33:04,,,,,23:32:39,23:32:34,male,60+,55,0,0,0
670,23:32:11,23:33:30,,,,,,,male,60+,79,0,0,0
671,23:32:13,23:32:37,,,,,,,male,20-39,24,0,0,0
675,23:32:19,23:36:18,,,,,,,male,60+,239,0,0,0
680,23:32:23,23:35:14,23:34:47,,,,,,male,20-39,171,0,0,0
682,23:32:25,23:32:40,,,,,,,male,20-39,15,0,0,0
690,23:32:36,23:33:28,23:33:08,23:33:04,,,,,male,60+,52,0,0,0
697,23:32:48,23:33:23,23:32:49,,,,,,male,20-39,35,0,0,0
699,23:32:49,23:33:14,,,,,,,female,60+,25,0,0,0
700,23:32:50,23:36:07,23:34:53,,23:33:23,23:33:32,23:33:35,23:34:29,male,60+,197,0,9,54
701,23:32:52,23:33:26,,,,,,,female,60+,34,0,0,0
703,23:32:55,23:36:19,23:34:02,23:35:33,23:35:55,,23:33:06,23:33:08,male,20-39,204,91,0,2
709,23:32:56,23:33:14,,,23:32:56,,,,male,60+,18,0,0,0
710,23:33:00,23:35:28,23:33:51,23:34:47,,,23:33:00,23:33:32,female,40-59,148,56,0,32
717,23:33:08,23:35:17,,,,,,,male,60+,129,0,0,0
718,23:33:09,23:35:04,23:33:09,,,,,,male,20-39,115,0,0,0
719,23:33:10,23:37:24,,,,,,,female,60+,254,0,0,0
721,23:33:12,23:48:29,23:48:03,23:48:08,,,23:36:06,23:36:06,male,60+,917,5,0,0
724,23:33:17,23:33:44,,,,,,,male,20-39,27,0,0,0
726,23:33:20,23:38:19,,,,,23:36:50,23:36:50,male,60+,299,0,0,0
727,23:33:21,23:34:10,,,,,,,male,60+,49,0,0,0
729,23:33:24,23:35:40,,,,,23:34:46,,male,60+,136,0,0,0
731,23:33:25,23:33:45,,,,,,,male,60+,20,0,0,0
732,23:33:30,23:33:52,,,,,23:33:30,,male,60+,22,0,0,0
733,23:33:31,23:35:47,23:35:11,23:35:15,,,,,male,60+,136,4,0,0
737,23:33:33,23:39:01,23:37:27,23:38:08,,,23:35:40,23:36:09,male,20-39,328,41,0,29
738,23:33:36,23:47:05,,,23:42:07,23:46:03,23:35:59,23:38:08,male,60+,809,0,236,129
740,23:33:40,23:37:46,,,,,23:37:27,23:36:20,male,20-39,246,0,0,0
745,23:33:43,23:37:05,,,23:33:54,23:35:42,,,male,60+,202,0,108,0
748,23:33:45,23:36:03,,,,,,,female,60+,138,0,0,0
755,23:33:48,23:34:20,,,,,,,male,60+,32,0,0,0
759,23:33:50,23:34:20,,,,,,,male,60+,30,0,0,0
760,23:33:51,23:38:25,23:37:23,,23:34:39,23:36:43,,,male,40-59,274,0,124,0
761,23:33:52,23:37:36,,,,23:36:31,23:36:07,23:35:05,male,60+,224,0,84991,0
762,23:33:53,23:41:47,23:39:39,23:39:43,,,,,male,60+,474,4,0,0
763,23:33:55,23:41:16,23:34:17,23:35:37,23:39:00,23:39:20,,,male,60+,441,80,20,0
767,23:33:59,23:51:02,23:41:12,23:42:38,23:35:42,23:36:24,23:43:03,,male,60+,1023,86,42,0
768,23:34:01,23:35:16,23:34:39,23:34:45,,,,,male,20-39,75,6,0,0
769,23:34:01,23:35:24,,,,,,,female,60+,83,0,0,0
773,23:34:04,23:35:27,,,,,23:34:04,,male,60+,83,0,0,0
774,23:34:05,23:36:31,,,,,,,male,20-39,146,0,0,0
776,23:34:07,23:36:18,23:35:17,23:35:07,,,,,female,60+,131,0,0,0
780,23:34:09,23:36:09,23:34:44,,,,,,male,60+,120,0,0,0
782,23:34:12,23:34:45,,,23:34:12,,,,male,60+,33,0,0,0
783,23:34:13,23:38:38,,,,,23:36:19,23:37:18,male,20-39,265,0,0,59
784,23:34:15,23:35:51,,,,,,,male,20-39,96,0,0,0
787,23:34:19,23:35:33,23:34:57,,,,,,female,60+,74,0,0,0
790,23:34:23,23:50:06,,,23:47:50,23:47:44,23:49:34,23:49:44,female,20-39,943,0,0,10
791,23:34:24,23:34:45,,,,,,,male,20-39,21,0,0,0
792,23:34:27,23:37:04,,,23:34:33,23:36:01,,,female,60+,157,0,88,0
800,23:34:31,23:35:41,,,,,,,male,60+,70,0,0,0
802,23:34:36,23:37:24,,,,,23:34:37,23:34:44,male,60+,168,0,0,7
803,23:34:38,23:35:12,,,,,,,female,60+,34,0,0,0
805,23:34:41,23:35:16,,,,,,,male,20-39,35,0,0,0
806,23:34:41,23:35:09,,,,,,,female,60+,28,0,0,0
815,23:34:49,23:35:15,,,,,,,male,20-39,26,0,0,0
818,23:34:51,23:35:20,,,,,23:34:51,,male,20-39,29,0,0,0
819,23:34:52,23:35:17,23:34:53,,,,,,male,60+,25,0,0,0
825,23:34:54,23:35:17,,,,,23:34:54,,female,60+,23,0,0,0
828,23:34:55,23:35:28,,,,,,,male,0-19,33,0,0,0
829,23:34:56,23:35:20,,,,,,,male,20-39,24,0,0,0
830,23:34:59,23:38:29,,,,,,,male,60+,210,0,0,0
831,23:35:02,23:38:57,,,,,,,male,60+,235,0,0,0
832,23:35:05,23:36:20,,,,,23:35:08,,female,20-39,75,0,0,0
835,23:35:12,23:39:32,,,23:38:30,,23:35:14,23:36:53,male,60+,260,0,0,99
838,23:35:14,23:35:35,23:35:15,,,,,,male,60+,21,0,0,0
849,23:35:22,23:36:49,,,23:35:45,23:35:44,,,female,60+,87,0,0,0
850,23:35:24,23:36:01,,,,,,,male,60+,37,0,0,0
851,23:35:26,23:35:48,,,,,,,male,60+,22,0,0,0
852,23:35:29,23:36:00,,,,,,,male,20-39,31,0,0,0
856,23:35:33,23:35:53,,,,,,,male,60+,20,0,0,0
859,23:35:39,23:39:59,,,23:39:04,,,,male,60+,260,0,0,0
865,23:35:43,23:36:44,,,,,,,male,20-39,61,0,0,0
866,23:35:47,23:41:35,,,23:39:14,23:40:03,,,female,60+,348,0,49,0
868,23:35:51,23:37:15,,,,,,,female,60+,84,0,0,0
869,23:35:52,23:38:44,,,,,23:37:25,23:37:35,male,60+,172,0,0,10
872,23:35:55,23:38:08,,,,,23:35:55,,male,20-39,133,0,0,0
874,23:35:56,23:37:04,,,23:35:56,23:35:59,,,female,60+,68,0,3,0
878,23:36:02,23:46:12,23:45:39,23:45:10,,,23:36:35,23:36:35,female,60+,610,0,0,0
881,23:36:11,23:39:54,,,,,,,male,0-19,223,0,0,0
884,23:36:13,23:36:41,23:36:13,,,,,,female,60+,28,0,0,0
885,23:36:13,23:39:30,,,,,23:37:43,23:38:28,male,60+,197,0,0,45
888,23:36:16,23:37:36,,,,,,,male,20-39,80,0,0,0
891,23:36:22,23:36:46,,,,,,,male,60+,24,0,0,0
893,23:36:26,23:41:23,,,,,23:36:26,23:37:08,male,60+,297,0,0,42
894,23:36:27,23:38:20,23:36:28,23:37:56,,,,,female,60+,113,88,0,0
902,23:36:35,23:39:09,,,,,,,female,60+,154,0,0,0
904,23:36:37,23:37:42,23:37:17,,,,,,female,60+,65,0,0,0
905,23:36:37,23:40:34,,,,,23:39:30,23:40:11,male,60+,237,0,0,41
906,23:36:39,23:37:03,,,,,,,male,60+,24,0,0,0
907,23:36:40,23:40:28,23:36:40,23:39:11,,,23:39:27,23:40:05,male,60+,228,151,0,38
912,23:36:42,23:37:54,,,,,,,male,20-39,72,0,0,0
917,23:36:46,23:37:16,,,,,23:36:54,,male,60+,30,0,0,0
921,23:36:51,23:37:44,23:36:52,,,,,,male,60+,53,0,0,0
922,23:36:53,23:37:31,,,,,,,female,60+,38,0,0,0
928,23:36:59,23:37:23,,,,,,,male,20-39,24,0,0,0
931,23:37:01,23:37:24,,,,,,,male,60+,23,0,0,0
933,23:37:03,23:37:23,23:37:03,,,,,,male,60+,20,0,0,0
936,23:37:05,23:40:11,,,,,,,female,0-19,186,0,0,0
939,23:37:07,23:37:45,,,,,23:37:25,,female,60+,38,0,0,0
941,23:37:10,23:45:14,23:42:30,23:43:57,23:39:09,23:40:40,,,male,60+,484,87,91,0
946,23:37:18,23:38:29,,,23:38:06,,,,male,20-39,71,0,0,0
955,23:37:26,23:38:22,,,,,,,male,60+,56,0,0,0
957,23:37:29,23:38:17,,,,,,,male,60+,48,0,0,0
958,23:37:30,23:37:56,,,23:37:30,,,,male,60+,26,0,0,0
961,23:37:32,23:46:14,,,,,23:45:15,23:45:15,male,60+,522,0,0,0
962,23:37:33,23:37:49,,,,,,,male,60+,16,0,0,0
967,23:37:47,23:38:29,23:37:47,,,,,,male,20-39,42,0,0,0
970,23:37:51,23:45:01,23:42:45,23:43:52,,,,,female,60+,430,67,0,0
971,23:37:52,23:38:20,,,,,,,female,60+,28,0,0,0
972,23:37:53,23:38:57,23:37:54,,,,,,female,20-39,64,0,0,0
974,23:37:55,23:38:31,23:37:56,23:38:15,,,,,male,60+,36,19,0,0
978,23:37:57,23:38:13,,,,,,,male,20-39,16,0,0,0
981,23:38:01,23:39:05,,,,,23:38:24,,male,20-39,64,0,0,0
997,23:38:31,23:53:07,,,,,,,male,60+,876,0,0,0
998,23:38:31,23:38:59,23:38:34,,,,,,female,60+,28,0,0,0
1000,23:38:33,23:39:06,,,,,,,male,60+,33,0,0,0
1002,23:38:37,23:39:20,,,,,,,male,20-39,43,0,0,0
1005,23:38:39,23:44:47,23:38:40,,23:41:17,23:43:09,,,male,60+,368,0,112,0
1010,23:38:43,23:45:27,23:43:52,23:44:16,,,,,male,20-39,404,24,0,0
1011,23:38:46,23:39:34,,,23:39:00,23:38:58,,,male,60+,48,0,0,0
1014,23:38:50,23:39:19,,,23:38:51,,,,male,20-39,29,0,0,0
1015,23:38:54,23:39:14,23:38:55,,,,,,male,20-39,20,0,0,0
1017,23:38:57,23:45:07,23:43:08,23:44:13,,,,,male,60+,370,65,0,0
1020,23:39:02,23:45:39,23:41:27,23:42:47,,,23:44:47,,female,60+,397,80,0,0
1033,23:39:13,23:39:58,,,,,,,male,60+,45,0,0,0
1037,23:39:16,23:40:19,,,,,,,female,60+,63,0,0,0
1039,23:39:17,23:39:58,,,23:39:17,23:39:21,,,male,60+,41,0,4,0
1040,23:39:19,23:39:55,,,,,,,male,60+,36,0,0,0
1045,23:39:23,23:44:01,23:43:15,23:43:36,,,23:42:14,23:42:17,male,60+,278,21,0,3
1046,23:39:24,23:40:25,,,,,,,male,20-39,61,0,0,0
1052,23:39:36,23:39:56,,,,,23:39:37,,female,0-19,20,0,0,0
1053,23:39:39,23:40:00,,,,,,,male,60+,21,0,0,0
1056,23:39:40,23:40:09,23:39:40,,,,,,male,60+,29,0,0,0
1057,23:39:41,23:45:31,23:40:49,,,,23:43:56,23:44:03,female,20-39,350,0,0,7
1058,23:39:42,23:43:21,,,,,23:41:24,23:41:46,male,20-39,219,0,0,22
1059,23:39:43,23:42:19,,,,,,,female,60+,156,0,0,0
1062,23:39:45,23:40:02,,,,,,,male,20-39,17,0,0,0
1073,23:39:54,23:46:17,23:44:21,23:45:36,,,23:39:54,23:40:26,male,60+,383,75,0,32
1082,23:40:06,23:44:30,23:42:46,,,,23:40:50,23:42:02,male,20-39,264,0,0,72
1083,23:40:08,23:40:29,,,,,,,male,60+,21,0,0,0
1084,23:40:11,23:41:06,,,23:40:46,23:40:43,,,male,60+,55,0,0,0
1085,23:40:13,23:40:46,,,,,,,female,40-59,33,0,0,0
1086,23:40:14,23:40:40,,,,,,,male,20-39,26,0,0,0
1087,23:40:15,23:45:09,23:40:15,23:43:30,,,,,female,60+,294,195,0,0
1089,23:40:16,23:41:36,,,23:40:16,23:40:46,,,male,60+,80,0,30,0
1092,23:40:19,23:49:25,,,,,23:47:36,23:48:14,female,20-39,546,0,0,38
1093,23:40:22,23:41:46,23:40:22,,,,,,male,20-39,84,0,0,0
1094,23:40:23,23:49:11,,,,,,,female,60+,528,0,0,0
1097,23:40:26,23:42:40,,,23:40:26,,,,male,60+,134,0,0,0
1098,23:40:28,23:44:40,,,,,23:44:08,23:44:20,male,60+,252,0,0,12
1100,23:40:30,23:44:29,,,,,,,male,60+,239,0,0,0
1103,23:40:32,23:40:52,23:40:32,,,,,,male,60+,20,0,0,0
1104,23:40:33,23:40:54,,,23:40:35,,,,female,60+,21,0,0,0
1105,23:40:34,23:43:36,,,,,23:40:34,,male,60+,182,0,0,0
1106,23:40:35,23:42:16,,,,,,,male,60+,101,0,0,0
1109,23:40:37,23:41:12,,,,,,,male,60+,35,0,0,0
1110,23:40:38,23:44:13,,,,,23:43:32,23:43:31,male,20-39,215,0,0,0
1120,23:40:53,23:42:25,,,,,,,male,60+,92,0,0,0
1121,23:40:55,23:47:05,23:44:57,23:44:58,,,23:45:36,23:44:30,male,60+,370,1,0,0
1125,23:41:00,23:41:20,,,,,,,male,60+,20,0,0,0
1128,23:41:03,23:41:39,,,,,,,male,20-39,36,0,0,0
1129,23:41:05,23:41:43,,,23:41:19,,,,male,40-59,38,0,0,0
1130,23:41:07,23:41:45,,,,,23:41:07,,male,60+,38,0,0,0
1136,23:41:14,23:41:54,23:41:14,,,,,,female,60+,40,0,0,0
1140,23:41:18,23:42:50,,,,,,,female,20-39,92,0,0,0
1146,23:41:22,23:45:35,23:41:28,,,,,,male,60+,253,0,0,0
1147,23:41:23,23:43:53,,,,,,,male,20-39,150,0,0,0
1148,23:41:24,23:42:57,,,,,,,male,60+,93,0,0,0
1150,23:41:26,23:42:47,23:41:26,,,,,,male,60+,81,0,0,0
1154,23:41:30,23:43:07,,,,,23:41:30,23:42:02,male,60+,97,0,0,32
1155,23:41:31,23:49:25,23:45:59,23:48:48,,,23:49:05,,male,60+,474,169,0,0
1157,23:41:32,23:42:53,,,,,,,male,60+,81,0,0,0
1165,23:41:40,23:42:09,,,,,,,male,60+,29,0,0,0
1166,23:41:43,23:43:56,,,,,,,male,60+,133,0,0,0
1169,23:41:45,23:42:08,,,,,,,male,20-39,23,0,0,0
1171,23:41:49,23:45:38,,,23:41:49,23:43:05,,,male,60+,229,0,76,0
1173,23:41:51,23:46:39,,,23:43:03,,,,male,0-19,288,0,0,0
1174,23:41:53,23:42:16,,,23:41:53,,,,male,60+,23,0,0,0
1177,23:41:57,23:42:45,,,,,23:41:58,,male,60+,48,0,0,0
1179,23:42:00,23:44:19,,,,,,,female,60+,139,0,0,0
1180,23:42:01,23:42:56,,,,,,,male,60+,55,0,0,0
1183,23:42:05,23:48:09,23:45:08,23:45:43,,,23:42:05,23:42:58,male,20-39,364,35,0,53
1184,23:42:06,23:46:36,,,,,,,male,0-19,270,0,0,0
1187,23:42:10,23:44:11,,23:43:45,23:42:11,,,,male,60+,121,85425,0,0
1188,23:42:11,23:42:37,23:42:12,,,,,,male,60+,26,0,0,0
1196,23:42:19,23:44:14,23:42:51,23:42:59,,,,,male,20-39,115,8,0,0
1198,23:42:20,23:42:53,,,,,,,female,60+,33,0,0,0
1199,23:42:22,23:45:19,23:44:55,23:44:57,,,,,male,20-39,177,2,0,0
1207,23:42:25,23:42:51,,,,,,,female,60+,26,0,0,0
1208,23:42:26,23:43:22,,,,,,,male,20-39,56,0,0,0
1209,23:42:27,23:44:30,23:44:03,23:44:11,,,,,female,60+,123,8,0,0
1211,23:42:28,23:48:08,,,,,23:43:20,23:47:49,female,20-39,340,0,0,269
1217,23:42:36,23:44:12,,,,,23:42:55,,male,60+,96,0,0,0
1220,23:42:41,23:44:27,,,,,23:42:56,23:44:07,male,60+,106,0,0,71
1223,23:42:46,23:44:21,,,,,,,female,20-39,95,0,0,0
1227,23:42:50,23:43:11,,,,,,,male,20-39,21,0,0,0
1235,23:43:00,23:43:23,,,23:43:00,,,,male,20-39,23,0,0,0
1237,23:43:07,23:43:36,23:43:07,,,,,,female,60+,29,0,0,0
1239,23:43:12,23:43:52,23:43:13,,,,,,male,60+,40,0,0,0
1242,23:43:14,23:45:45,,23:44:49,23:43:26,23:43:24,,,male,60+,151,85489,0,0
1244,23:43:18,23:43:41,,,,,,,female,20-39,23,0,0,0
1246,23:43:21,23:48:19,23:43:37,23:43:46,,,,,male,60+,298,9,0,0
1252,23:43:27,23:43:52,23:43:27,,,,,,male,0-19,25,0,0,0
1253,23:43:28,23:43:56,23:43:30,,,,,,male,20-39,28,0,0,0
1259,23:43:37,23:46:37,23:43:38,23:43:42,,,23:44:13,23:44:37,male,60+,180,4,0,24
1260,23:43:38,23:44:07,,,,,23:43:39,,male,20-39,29,0,0,0
1261,23:43:40,23:44:41,,,,,23:44:21,23:44:20,female,60+,61,0,0,0
1262,23:43:44,23:44:13,,,,,,,male,0-19,29,0,0,0
1264,23:43:47,23:46:53,,,23:44:29,23:45:50,,,male,60+,186,0,81,0
1269,23:43:49,23:44:47,,,,,,,male,60+,58,0,0,0
1270,23:43:50,23:44:15,,,,,,,female,60+,25,0,0,0
1272,23:43:55,23:53:20,,,,,23:52:02,23:52:37,male,60+,565,0,0,35
1275,23:43:59,23:56:52,,,,,,,male,60+,773,0,0,0
1279,23:44:02,23:44:23,,,,,,,female,0-19,21,0,0,0
1283,23:44:09,23:44:49,,,,,,,male,60+,40,0,0,0
1284,23:44:10,23:50:44,,,,,,,male,60+,394,0,0,0
1285,23:44:11,23:46:03,23:44:38,,,,,,male,0-19,112,0,0,0
1300,23:44:26,23:45:05,,,,,,,male,60+,39,0,0,0
1303,23:44:28,23:47:52,,,,,23:46:45,23:46:55,male,60+,204,0,0,10
1308,23:44:32,23:53:15,23:45:11,23:45:38,,,23:47:40,23:52:55,female,60+,523,27,0,315
1310,23:44:36,23:48:09,,,,,,,female,60+,213,0,0,0
1313,23:44:40,23:46:09,,,,,,,male,60+,89,0,0,0
1316,23:44:42,23:46:24,,,,,,,male,60+,102,0,0,0
1317,23:44:44,23:46:56,,,,,,,male,0-19,132,0,0,0
1319,23:44:46,23:45:42,,,,,,,male,60+,56,0,0,0
1325,23:44:52,23:48:29,,,,,,,male,60+,217,0,0,0
1328,23:44:55,23:46:07,,,,,,,male,60+,72,0,0,0
1331,23:44:57,23:47:05,,,,,,,female,60+,128,0,0,0
1334,23:44:59,23:45:30,,,,,,,male,60+,31,0,0,0
1338,23:45:04,23:46:31,23:45:04,,,,,,male,20-39,87,0,0,0
1343,23:45:12,23:45:38,,,,,,,male,60+,26,0,0,0
1345,23:45:14,23:47:19,23:46:58,23:46:57,,,23:45:45,23:45:49,male,20-39,125,0,0,4
1347,23:45:17,23:50:21,,,,,23:45:58,,female,60+,304,0,0,0
1350,23:45:23,23:45:50,,,,,,,male,0-19,27,0,0,0
1352,23:45:26,23:45:48,,,,,,,male,60+,22,0,0,0
1353,23:45:28,23:46:59,,,,,,,male,60+,91,0,0,0
1357,23:45:35,23:46:17,,,,,,,male,60+,42,0,0,0
1360,23:45:41,23:46:03,,,,,,,male,60+,22,0,0,0
1361,23:45:42,23:47:20,,,,,,,female,60+,98,0,0,0
1363,23:45:47,23:47:04,23:46:19,,,,,,male,60+,77,0,0,0
1365,23:45:49,23:49:28,23:47:21,,,23:46:57,,,male,60+,219,0,85617,0
1372,23:45:55,23:55:22,23:54:06,23:54:23,23:51:48,23:53:01,23:46:16,23:51:35,male,60+,567,17,73,319
1373,23:45:56,23:57:07,23:55:52,23:55:53,23:45:59,23:46:57,23:48:11,23:48:25,male,60+,671,1,58,14
1375,23:46:00,23:48:12,23:46:01,23:47:37,,,,,male,60+,132,96,0,0
1377,23:46:07,23:46:48,,,,,,,male,60+,41,0,0,0
1378,23:46:10,23:46:57,,,,,23:46:39,,male,0-19,47,0,0,0
1379,23:46:12,23:56:30,23:55:47,23:55:51,,,23:47:24,23:47:28,male,60+,618,4,0,4
1380,23:46:15,23:46:54,,,,,,,female,20-39,39,0,0,0
1385,23:46:21,23:46:45,23:46:22,,,,,,female,60+,24,0,0,0
1387,23:46:22,23:50:21,,,,,,,female,60+,239,0,0,0
1390,23:46:25,23:50:38,,,,,23:46:48,,male,20-39,253,0,0,0
1391,23:46:26,23:46:47,,,,,,,male,60+,21,0,0,0
1392,23:46:28,23:52:42,,,,,,,female,60+,374,0,0,0
1401,23:46:33,23:47:48,,,,,,,female,60+,75,0,0,0
1402,23:46:36,23:47:21,,,,,23:47:02,,female,20-39,45,0,0,0
1408,23:46:42,23:48:09,23:46:43,23:47:40,,,,,female,60+,87,57,0,0
1411,23:46:51,23:49:41,,,,,,,female,20-39,170,0,0,0
1415,23:47:00,23:47:52,,,,,,,male,20-39,52,0,0,0
1416,23:47:01,23:47:21,,,,,,,male,20-39,20,0,0,0
1417,23:47:03,23:47:59,,,,,23:47:12,,male,60+,56,0,0,0
1422,23:47:12,23:47:42,,,,,23:47:12,,male,60+,30,0,0,0
1423,23:47:13,23:48:25,,,,,,,male,20-39,72,0,0,0
1424,23:47:14,23:48:31,,,,,23:47:14,23:48:08,female,20-39,77,0,0,54
1427,23:47:16,23:49:34,,,23:47:18,23:48:56,,,male,60+,138,0,98,0
1435,23:47:27,23:48:25,,,,,,,male,60+,58,0,0,0
1440,23:47:30,23:47:52,,,,,23:47:30,,male,20-39,22,0,0,0
1443,23:47:33,23:56:27,,,23:50:14,23:53:21,23:55:06,,male,60+,534,0,187,0
1444,23:47:38,23:47:57,,,,,,,male,60+,19,0,0,0
1445,23:47:40,23:47:59,23:47:40,23:47:40,,,,,male,60+,19,0,0,0
1449,23:47:47,23:48:08,,,,,,,male,60+,21,0,0,0
1454,23:47:54,23:48:33,23:47:56,,,,,,male,0-19,39,0,0,0
1455,23:47:55,23:48:16,,,23:47:56,,,,male,20-39,21,0,0,0
1460,23:48:01,23:50:52,23:49:01,23:50:23,,,23:48:48,23:48:58,male,60+,171,82,0,10
1463,23:48:04,23:56:53,,,,,23:55:51,23:55:52,male,60+,529,0,0,1
1474,23:48:16,23:54:55,,,,,23:49:51,23:49:54,male,60+,399,0,0,3
1476,23:48:18,23:50:07,,,,,23:49:33,23:49:33,male,60+,109,0,0,0
1477,23:48:20,23:49:03,,,,,23:48:20,,male,0-19,43,0,0,0
1478,23:48:22,23:49:05,23:48:45,23:48:46,,,,,male,60+,43,1,0,0
1479,23:48:27,23:52:43,,,23:50:30,23:51:35,,,female,60+,256,0,65,0
1480,23:48:29,23:50:18,,,,,23:49:07,,female,60+,109,0,0,0
1482,23:48:30,23:51:45,,,23:49:03,,,,male,60+,195,0,0,0
1484,23:48:34,23:49:19,23:48:34,,,,,,male,0-19,45,0,0,0
1485,23:48:36,23:52:04,,,,,23:48:41,23:48:47,male,60+,208,0,0,6
1487,23:48:38,23:48:59,,,,,,,female,20-39,21,0,0,0
1489,23:48:40,23:49:02,,,,,,,male,20-39,22,0,0,0
1491,23:48:43,23:58:53,23:57:52,,,,,,male,60+,610,0,0,0
1492,23:48:44,23:49:52,23:49:09,23:49:31,,,,,female,60+,68,22,0,0
1493,23:48:45,0:00:40,23:58:23,23:59:15,23:51:31,23:52:51,23:49:06,23:50:32,male,20-39,0,52,80,86
1501,23:48:52,23:49:12,,,,,,,female,60+,20,0,0,0
1502,23:48:53,23:56:22,,,,,23:50:31,,male,20-39,449,0,0,0
1503,23:48:55,23:59:35,23:48:56,,,,23:57:44,23:57:36,female,20-39,640,0,0,0
1506,23:49:04,23:55:08,23:51:55,23:53:02,23:53:42,23:54:06,,23:51:05,male,60+,364,67,24,85865
1512,23:49:13,0:01:35,23:50:41,23:51:05,23:52:33,23:54:02,23:54:25,,female,60+,0,24,89,0
1513,23:49:14,23:49:42,,,,,23:49:14,,female,60+,28,0,0,0
1514,23:49:16,23:49:43,,,,,,,male,60+,27,0,0,0
1516,23:49:17,23:49:45,,,,,,,male,0-19,28,0,0,0
1518,23:49:21,23:52:07,,,,,,,male,60+,166,0,0,0
1519,23:49:23,23:50:18,,,,,,,male,60+,55,0,0,0
1520,23:49:27,23:57:29,23:56:47,23:50:24,,,23:49:27,,male,20-39,482,0,0,0
1523,23:49:31,0:06:23,,,,,,,female,60+,0,0,0,0
1524,23:49:32,23:50:00,23:49:37,,,,,,male,0-19,28,0,0,0
1528,23:49:38,23:50:07,,,,,23:49:38,,male,0-19,29,0,0,0
1530,23:49:39,23:50:04,23:49:40,,,,,,male,60+,25,0,0,0
1531,23:49:40,23:51:16,,,,,,,male,60+,96,0,0,0
1538,23:49:46,0:12:12,23:54:02,23:54:07,23:52:35,23:52:56,23:53:17,23:53:19,male,60+,0,5,21,2
1540,23:49:49,23:50:11,,,,,,,male,20-39,22,0,0,0
1542,23:49:51,23:50:29,,,,,,,male,20-39,38,0,0,0
1543,23:49:52,23:54:15,,,,,23:49:52,23:50:19,male,60+,263,0,0,27
1544,23:49:54,23:57:07,,,,,23:54:30,23:54:22,male,60+,433,0,0,0
1545,23:49:55,23:50:27,,,,,,,male,60+,32,0,0,0
1547,23:49:57,23:50:18,,,,,,,male,20-39,21,0,0,0
1550,23:50:04,23:51:55,,,,,23:50:04,23:50:33,male,0-19,111,0,0,29
1552,23:50:06,23:50:50,,,,,,,male,20-39,44,0,0,0
1553,23:50:10,23:50:37,,,,,,,male,20-39,27,0,0,0
1558,23:50:17,23:51:20,,,23:50:29,23:50:29,,,male,60+,63,0,0,0
1561,23:50:20,23:50:43,,,,,,,male,60+,23,0,0,0
1564,23:50:23,0:11:31,23:51:19,23:51:38,,,,,male,20-39,0,19,0,0
1566,23:50:26,0:07:56,0:00:36,0:03:55,,,0:07:20,0:07:35,female,20-39,0,199,0,15
1567,23:50:27,23:51:59,23:50:40,,,,,,male,0-19,92,0,0,0
1571,23:50:32,23:52:00,,,,,,,male,60+,88,0,0,0
1572,23:50:35,23:51:00,,,,,,,male,60+,25,0,0,0
1573,23:50:37,23:50:58,,,,,,,male,20-39,21,0,0,0
1577,23:50:46,23:55:00,,,,,23:51:38,23:54:37,male,60+,254,0,0,179
1581,23:50:54,0:02:46,,,,,,,male,60+,0,0,0,0
1582,23:50:55,23:53:08,,,,,,,male,60+,133,0,0,0
1583,23:50:56,23:54:28,,,,,,,male,20-39,212,0,0,0
1584,23:50:59,23:51:53,,,,,,,female,60+,54,0,0,0
1585,23:51:01,23:51:57,,,,,,,female,20-39,56,0,0,0
1587,23:51:02,23:53:58,23:53:13,,,,23:52:57,23:52:59,female,60+,176,0,0,2
1588,23:51:04,23:55:29,,,,,23:51:32,,male,20-39,265,0,0,0
1593,23:51:07,23:51:45,,,,,,,male,60+,38,0,0,0
1594,23:51:08,23:51:30,,,,,,,male,60+,22,0,0,0
1596,23:51:09,23:52:18,23:51:30,,,,,,male,60+,69,0,0,0
1599,23:51:13,23:53:05,,,,,,,male,20-39,112,0,0,0
1600,23:51:18,23:55:30,23:54:06,23:54:11,,,23:55:08,23:55:09,male,20-39,252,5,0,1
1601,23:51:19,23:53:28,,,,,,,male,20-39,129,0,0,0
1602,23:51:22,0:01:26,,,,,23:59:52,23:59:52,female,60+,0,0,0,0
1605,23:51:29,23:53:59,,,23:51:43,23:52:57,,,male,60+,150,0,74,0
1610,23:51:34,23:52:28,23:51:35,,,,,,female,60+,54,0,0,0
1611,23:51:35,23:52:00,,,23:51:35,,,,female,60+,25,0,0,0
1613,23:51:36,23:55:51,,,,,,,male,20-39,255,0,0,0
1619,23:51:41,23:52:22,,,,,,,female,60+,41,0,0,0
1621,23:51:43,23:52:11,,,,,,,female,60+,28,0,0,0
1622,23:51:45,0:02:09,,,23:51:51,23:52:54,23:59:35,23:59:43,male,60+,0,0,63,8
1625,23:51:48,23:53:01,,,,,,,female,20-39,73,0,0,0
1627,23:51:53,23:52:18,,,,,,,female,60+,25,0,0,0
1630,23:51:55,23:52:20,,,,,,,male,60+,25,0,0,0
1632,23:51:59,23:52:37,,,,,,,male,0-19,38,0,0,0
1633,23:52:02,23:53:59,,,23:53:33,23:53:31,,,female,60+,117,0,0,0
1634,23:52:04,23:52:47,,,,,,,female,20-39,43,0,0,0
1635,23:52:04,23:52:28,,,,,23:52:04,,male,20-39,24,0,0,0
1637,23:52:06,23:55:18,23:52:07,,,,,,male,20-39,192,0,0,0
1641,23:52:08,0:03:00,,,23:52:09,23:53:56,23:55:25,,male,60+,0,0,107,0
1642,23:52:11,23:52:37,,,,,23:52:11,,male,60+,26,0,0,0
1649,23:52:17,23:53:06,,,,,,,male,60+,49,0,0,0
1651,23:52:20,23:52:44,,,,,,,male,60+,24,0,0,0
1654,23:52:23,23:53:01,,,,,,,male,20-39,38,0,0,0
1656,23:52:31,23:52:56,,,23:52:32,,,,male,60+,25,0,0,0
1657,23:52:34,23:52:57,23:52:35,,,,,,male,60+,23,0,0,0
1659,23:52:39,23:55:15,,,,,23:52:41,,male,60+,156,0,0,0
1666,23:52:49,23:53:12,,,,,,,male,60+,23,0,0,0
1667,23:52:50,23:53:15,,,,,,,male,20-39,25,0,0,0
1668,23:52:51,23:53:12,,,,,,,male,20-39,21,0,0,0
1672,23:53:01,23:56:55,,,,,23:55:49,23:55:52,male,60+,234,0,0,3
1674,23:53:04,23:54:32,,,23:53:19,23:54:05,,,male,60+,88,0,46,0
1675,23:53:10,23:55:15,,,23:53:13,23:54:15,,,female,20-39,125,0,62,0
1681,23:53:19,23:59:34,,,23:57:36,23:59:10,23:55:04,23:57:14,male,60+,375,0,94,130
1684,23:53:23,23:55:23,,,,,23:54:23,23:54:22,female,40-59,120,0,0,0
1685,23:53:24,23:54:18,,,,,,,male,0-19,54,0,0,0
1688,23:53:25,23:57:56,,,,,23:55:43,23:55:52,male,20-39,271,0,0,9
1691,23:53:28,23:55:16,,,,,,,male,20-39,108,0,0,0
1692,23:53:29,23:57:04,,,,,,,male,20-39,215,0,0,0
1694,23:53:32,23:56:09,23:55:46,23:55:35,,,,,male,20-39,157,0,0,0
1695,23:53:35,23:55:16,,,,,,,male,20-39,101,0,0,0
1699,23:53:37,23:54:30,,,,,,,male,20-39,53,0,0,0
1702,23:53:40,23:54:55,,,,,,,male,60+,75,0,0,0
1703,23:53:45,23:54:33,,,,,,,female,60+,48,0,0,0
1705,23:53:47,23:55:06,23:54:43,23:54:43,,,,,female,60+,79,0,0,0
1706,23:53:49,23:56:21,23:53:58,23:54:38,,,23:55:31,23:56:02,male,60+,152,40,0,31
1707,23:53:50,23:54:18,,,,,,,male,40-59,28,0,0,0
1708,23:53:52,23:56:40,23:54:47,23:54:49,,,,,male,20-39,168,2,0,0
1709,23:53:53,23:54:21,,,,,,,male,60+,28,0,0,0
1710,23:53:56,23:54:28,,,,,,,male,20-39,32,0,0,0
1712,23:53:58,23:54:38,,,,,23:54:00,,male,20-39,40,0,0,0
1716,23:54:02,23:56:18,23:55:16,23:55:24,,,,,female,20-39,136,8,0,0
1717,23:54:04,23:55:32,,,,,23:55:05,23:55:06,female,60+,88,0,0,1
1719,23:54:08,23:59:40,,,23:58:43,23:58:43,,,male,20-39,332,0,0,0
1720,23:54:10,23:55:16,,,23:54:10,23:54:26,,,male,20-39,66,0,16,0
1721,23:54:11,23:55:36,23:54:57,23:55:01,,,,,female,60+,85,4,0,0
1722,23:54:13,23:55:32,23:54:48,23:54:49,,,,,male,60+,79,1,0,0
1723,23:54:15,23:57:44,,,,,23:54:46,,male,60+,209,0,0,0
1724,23:54:17,23:55:06,,,23:54:17,,,,male,60+,49,0,0,0
1725,23:54:20,23:57:12,,,,,23:56:39,23:56:11,male,60+,172,0,0,0
1727,23:54:24,23:56:02,,,23:54:24,23:55:41,,,male,60+,98,0,77,0
1728,23:54:26,23:55:14,,,,,,,male,20-39,48,0,0,0
1733,23:54:35,23:58:51,23:55:13,23:57:25,,,23:58:12,23:58:29,female,60+,256,132,0,17
1747,23:54:42,23:55:08,,,,,,,male,20-39,26,0,0,0
1752,23:54:47,23:55:29,,,,,23:54:48,,male,40-59,42,0,0,0
1758,23:54:51,23:55:28,23:54:52,23:55:06,,,,,male,60+,37,14,0,0
1762,23:54:55,23:56:25,,,,,,,male,60+,90,0,0,0
1776,23:55:20,23:58:54,,,23:55:56,,,,male,20-39,214,0,0,0
1777,23:55:22,23:55:47,,,,,,,female,60+,25,0,0,0
1778,23:55:26,23:57:21,,,,,,,male,60+,115,0,0,0
1781,23:55:28,23:56:07,,,,,,,male,20-39,39,0,0,0
1783,23:55:30,23:55:53,,,,,,,male,60+,23,0,0,0
1785,23:55:31,23:59:16,,,,,23:57:50,23:58:18,female,60+,225,0,0,28
1789,23:55:35,23:55:59,23:55:36,,,,,,female,60+,24,0,0,0
1794,23:55:44,23:56:31,,,,,,,male,20-39,47,0,0,0
1798,23:55:48,23:56:08,,,,,,,male,60+,20,0,0,0
1799,23:55:50,23:56:26,,,,,,,male,20-39,36,0,0,0
1802,23:55:54,23:59:31,,,23:57:24,23:59:01,23:55:54,23:57:03,male,60+,217,0,97,69
1805,23:55:56,23:57:49,,,,,,,male,60+,113,0,0,0
1807,23:55:58,23:57:41,23:55:58,,,,,,male,0-19,103,0,0,0
1810,23:56:06,23:56:45,,,,,,,male,60+,39,0,0,0
1813,23:56:14,23:58:59,23:57:55,,,,,,male,20-39,165,0,0,0
1816,23:56:18,23:59:23,23:56:19,,,23:56:55,23:57:23,,female,20-39,185,0,86215,0
1818,23:56:20,23:57:28,,,,,,,male,60+,68,0,0,0
1819,23:56:21,23:56:41,23:56:21,,,,,,male,60+,20,0,0,0
1820,23:56:24,23:56:45,,,,,,,male,60+,21,0,0,0
1823,23:56:28,0:12:10,,,,,,,male,60+,0,0,0,0
1826,23:56:31,23:58:01,23:56:57,23:57:19,,,23:57:43,,female,20-39,90,22,0,0
1831,23:56:42,23:57:27,23:57:02,,,,,,male,60+,45,0,0,0
1832,23:56:44,23:57:59,23:56:44,23:57:16,23:57:28,,,,male,60+,75,32,0,0
1838,23:56:48,23:57:09,23:56:48,,,,,,female,0-19,21,0,0,0
1840,23:56:53,0:06:04,,,,,,,male,60+,0,0,0,0
1841,23:56:54,0:00:08,,,23:56:54,,,,male,60+,0,0,0,0
1842,23:56:58,0:00:25,23:59:28,23:58:51,,,,,male,60+,0,0,0,0
1843,23:56:59,0:02:41,,,,,23:59:57,0:01:12,female,60+,0,0,0,0
1845,23:57:05,23:57:31,,,,,,,male,60+,26,0,0,0
1847,23:57:09,23:57:39,,,,,,,male,60+,30,0,0,0
1848,23:57:10,23:57:33,,,,,,,male,60+,23,0,0,0
1849,23:57:11,23:57:33,,,,,,,male,60+,22,0,0,0
1850,23:57:12,0:01:18,,,,,23:57:12,23:59:40,male,60+,0,0,0,148
1851,23:57:14,23:57:36,,,23:57:14,,,,male,60+,22,0,0,0
1854,23:57:17,23:57:41,,,,,23:57:18,,male,60+,24,0,0,0
1855,23:57:18,0:06:01,,,,,0:01:22,0:03:10,male,60+,0,0,0,108
1860,23:57:21,0:01:57,23:57:21,23:58:29,23:59:51,0:01:30,,,male,40-59,0,68,0,0
1863,23:57:22,23:58:01,,,,,23:57:23,,female,60+,39,0,0,0
1866,23:57:34,23:57:53,,,,,,,male,20-39,19,0,0,0
1867,23:57:36,23:57:53,23:57:36,,,,,,male,40-59,17,0,0,0
1870,23:57:45,23:58:04,,,,,,,male,60+,19,0,0,0
1871,23:57:47,23:58:19,,,23:57:48,,,,male,60+,32,0,0,0
1872,23:57:48,0:03:56,,,0:00:02,0:03:18,,,male,60+,0,0,196,0
1881,23:58:02,0:02:08,,,,,,,female,60+,0,0,0,0
1883,23:58:03,0:00:19,23:58:03,,,,,,male,0-19,0,0,0,0
1887,23:58:06,23:58:49,,,,,,,male,20-39,43,0,0,0
1889,23:58:07,23:58:26,23:58:09,,,,,,male,60+,19,0,0,0
1890,23:58:08,0:09:07,,,,,0:08:05,0:08:05,male,60+,0,0,0,0
1895,23:58:14,0:33:14,0:10:29,0:12:31,0:21:28,0:22:49,0:24:20,0:25:39,male,60+,0,122,81,79
1896,23:58:15,0:50:14,,,,,,,male,20-39,0,0,0,0
1897,23:58:16,0:02:34,0:01:59,,,,,,male,60+,0,0,0,0
1902,23:58:30,23:58:52,,,,,23:58:30,,male,60+,22,0,0,0
1904,23:58:31,23:58:54,,,,,,,male,60+,23,0,0,0
1905,23:58:32,23:59:58,,,23:59:36,23:59:35,,,male,60+,86,0,0,0
1908,23:58:36,23:58:59,,,23:58:36,,,,male,40-59,23,0,0,0
1911,23:58:41,23:59:00,,,23:58:41,,,,female,60+,19,0,0,0
1916,23:58:44,23:59:43,23:58:44,,,,,,male,60+,59,0,0,0
1918,23:58:46,0:06:20,,,,,23:58:48,,male,60+,0,0,0,0
1919,23:58:55,23:59:24,23:58:55,,,,,,female,40-59,29,0,0,0
1921,23:58:57,23:59:43,,,,,,,male,60+,46,0,0,0
1924,23:59:04,0:09:46,0:07:04,0:08:08,,,0:08:35,,male,60+,0,64,0,0
1928,23:59:08,23:59:34,,,,,,,male,60+,26,0,0,0
1931,23:59:09,0:02:16,,,,,,,male,60+,0,0,0,0
1940,23:59:19,23:59:50,23:59:19,,,,,,female,60+,31,0,0,0
1941,23:59:22,23:59:50,,,,,,,female,20-39,28,0,0,0
1942,23:59:24,0:02:02,0:01:01,23:59:27,,,23:59:52,0:00:04,male,60+,0,86306,0,0
1943,23:59:25,0:00:03,,,,,,,female,60+,0,0,0,0
1949,23:59:37,0:26:47,,,,,0:24:09,0:24:28,female,60+,0,0,0,19
1951,23:59:39,0:02:45,,,23:59:44,0:00:41,,,female,60+,0,0,0,0
1952,23:59:45,0:03:23,0:01:20,0:02:29,,,0:00:50,0:00:50,male,0-19,0,69,0,0
1953,23:59:46,0:01:48,,,,,0:00:44,,male,60+,0,0,0,0
1954,23:59:48,0:01:26,,,,,,,male,60+,0,0,0,0
1955,23:59:50,0:02:51,0:02:16,,,,,,male,60+,0,0,0,0
1957,23:59:54,0:01:48,,,,,,,male,60+,0,0,0,0
1958,23:59:55,0:02:26,,,,,,,male,60+,0,0,0,0
1959,23:59:56,0:01:37,,,,,23:59:56,0:00:20,male,60+,0,0,0,0
1964,0:00:05,0:00:34,,,,,,,male,20-39,29,0,0,0
1965,0:00:06,0:00:55,,,,,,,female,60+,49,0,0,0
1966,0:00:07,0:00:35,,,,,,,male,60+,28,0,0,0
1967,0:00:08,0:00:35,,,,,,,male,60+,27,0,0,0
1971,0:00:13,0:01:22,,,,,0:00:13,,male,60+,69,0,0,0
1973,0:00:14,0:03:25,0:01:23,0:02:27,,,0:00:36,0:00:41,male,60+,191,64,0,5
1974,0:00:15,0:00:54,,,,,0:00:32,0:00:34,male,40-59,39,0,0,2
1975,0:00:17,0:04:39,,,,,0:01:36,0:02:13,male,20-39,262,0,0,37
1978,0:00:21,0:01:04,0:00:21,,,,,,female,60+,43,0,0,0
1979,0:00:23,0:01:20,,,,,0:00:23,,female,60+,57,0,0,0
1981,0:00:28,0:00:49,,,0:00:28,,,,male,60+,21,0,0,0
1985,0:00:37,0:01:11,,,,,,,male,0-19,34,0,0,0
1989,0:00:43,0:03:23,0:01:27,0:01:33,,,,,male,60+,160,6,0,0
1993,0:00:46,0:02:23,0:01:59,,,,,,female,60+,97,0,0,0
1995,0:00:47,0:03:12,0:00:48,,,,,,female,60+,145,0,0,0
1997,0:00:49,0:09:17,,,,,0:00:49,0:06:45,male,60+,508,0,0,356
1999,0:00:51,0:01:56,0:00:51,,,,,,male,60+,65,0,0,0
2003,0:00:58,0:01:49,,,,,,,male,60+,51,0,0,0
2004,0:01:00,0:02:49,,,,,0:01:47,0:01:19,male,60+,109,0,0,0
2008,0:01:05,0:03:26,0:01:30,0:02:53,,,,,male,60+,141,83,0,0
2011,0:01:09,0:03:12,0:01:09,,,,,,male,20-39,123,0,0,0
2012,0:01:13,0:01:38,0:01:13,,,,,,female,60+,25,0,0,0
2013,0:01:15,0:02:38,0:01:15,,,,,,male,60+,83,0,0,0
2015,0:01:17,0:01:55,0:01:35,,,,,,male,60+,38,0,0,0
2018,0:01:21,0:01:50,0:01:21,,,,,,male,60+,29,0,0,0
2023,0:01:24,0:01:57,,,,,,,male,0-19,33,0,0,0
2027,0:01:33,0:03:23,0:01:33,,,,,,female,60+,110,0,0,0
2030,0:01:40,0:08:22,0:01:43,0:02:41,,,0:08:04,0:05:35,male,60+,402,58,0,0
2032,0:01:42,0:04:53,0:02:06,0:02:27,,,0:03:33,0:03:19,male,60+,191,21,0,0
2036,0:02:03,0:02:31,,,,,,,male,20-39,28,0,0,0
2037,0:02:04,0:02:41,,,,,,,male,60+,37,0,0,0
2040,0:02:07,0:02:44,,,,,,,male,20-39,37,0,0,0
2042,0:02:09,0:03:08,,,,,,,male,60+,59,0,0,0
2044,0:02:12,0:02:39,,,,,,,male,60+,27,0,0,0
2045,0:02:14,0:09:16,,,,,,,male,20-39,422,0,0,0
2046,0:02:16,0:02:41,,,,,,,male,20-39,25,0,0,0
2047,0:02:17,0:14:15,0:13:21,0:13:14,,,0:02:58,0:09:29,male,60+,718,0,0,391
2048,0:02:19,0:12:59,,,,,0:09:22,0:09:14,female,20-39,640,0,0,0
2051,0:02:22,0:09:54,,,,,0:07:54,0:08:39,female,60+,452,0,0,45
2052,0:02:25,0:12:26,,,,,0:12:08,0:10:53,male,60+,601,0,0,0
2055,0:02:29,0:02:52,,,,,,,male,20-39,23,0,0,0
2060,0:02:36,0:03:00,,,,,,,male,0-19,24,0,0,0
2061,0:02:38,0:04:13,,,,,,,male,60+,95,0,0,0
2062,0:02:40,0:03:11,,,,,0:02:40,,male,60+,31,0,0,0
2065,0:02:43,0:06:43,,,,,0:03:18,0:03:18,male,60+,240,0,0,0
2069,0:02:51,0:06:42,,,0:06:22,,0:06:04,0:06:08,male,60+,231,0,0,4
2070,0:02:53,0:14:04,0:12:34,0:12:34,,,0:13:27,0:13:26,male,0-19,671,0,0,0
2071,0:02:55,0:04:22,,,,,0:03:23,0:03:27,female,60+,87,0,0,4
2074,0:03:03,0:04:54,,,,,,,male,60+,111,0,0,0
2075,0:03:04,0:03:22,,,,,,,male,20-39,18,0,0,0
2077,0:03:06,0:03:31,,,,,0:03:06,,female,60+,25,0,0,0
2080,0:03:09,0:03:29,,,,,,,female,60+,20,0,0,0
2088,0:03:21,0:03:52,0:03:21,,,,,,male,60+,31,0,0,0
2089,0:03:25,0:03:48,,,,,,,female,60+,23,0,0,0
2093,0:03:27,0:03:52,,,,,,,female,20-39,25,0,0,0
2095,0:03:29,0:07:55,,,,,0:04:38,,male,20-39,266,0,0,0
2096,0:03:29,0:04:57,,,,,0:03:29,,male,20-39,88,0,0,0
2099,0:03:32,0:03:54,,,0:03:33,0:03:33,,,male,60+,22,0,0,0
2100,0:03:34,0:05:03,,,,,,,male,60+,89,0,0,0
2101,0:03:35,0:04:17,,,,,,,male,60+,42,0,0,0
2104,0:03:36,0:04:10,,,,,,,male,60+,34,0,0,0
2107,0:03:39,0:04:39,,,,,,,male,20-39,60,0,0,0
2115,0:03:44,0:12:10,,,,,0:10:54,0:10:59,male,60+,506,0,0,5
2120,0:03:50,0:04:26,,,,,0:03:51,,female,60+,36,0,0,0
2123,0:03:57,0:04:14,0:03:58,,,,,,male,60+,17,0,0,0
2131,0:04:09,0:04:46,0:04:14,,,,,,female,60+,37,0,0,0
2132,0:04:15,0:05:19,,,,,,,female,20-39,64,0,0,0
2136,0:04:20,0:04:56,,,,,,,male,60+,36,0,0,0
2139,0:04:21,0:09:24,,,,,0:05:02,0:05:05,male,60+,303,0,0,3
2141,0:04:24,0:04:47,,,,,0:04:24,,female,20-39,23,0,0,0
2144,0:04:27,0:04:59,,,,,0:04:32,0:04:32,male,60+,32,0,0,0
2149,0:04:31,0:05:45,,,,,,,female,60+,74,0,0,0
2150,0:04:33,0:06:03,,,,,0:05:00,0:05:25,male,60+,90,0,0,25
2151,0:04:35,0:04:54,,,,,,,male,0-19,19,0,0,0
2152,0:04:41,0:05:03,0:04:41,,,,,,female,60+,22,0,0,0
2153,0:04:44,0:05:09,,,,,,,female,40-59,25,0,0,0
2154,0:04:45,0:05:03,,,,,,,male,60+,18,0,0,0
2161,0:04:58,0:06:14,0:04:58,,,,,,female,60+,76,0,0,0
2162,0:05:01,0:05:54,,,,,,,male,60+,53,0,0,0
2167,0:05:05,0:05:59,,,0:05:14,,,,female,60+,54,0,0,0
2169,0:05:08,0:29:35,,,0:26:11,0:28:48,0:25:24,0:25:25,female,20-39,1467,0,157,1
2173,0:05:12,0:06:25,,,,,0:06:03,0:06:02,female,60+,73,0,0,0
2174,0:05:14,0:05:46,,,,,,,male,60+,32,0,0,0
2176,0:05:16,0:05:36,,,,,,,male,0-19,20,0,0,0
2177,0:05:16,0:07:38,,,0:07:02,0:07:16,0:06:14,0:06:44,female,60+,142,0,14,30
2178,0:05:19,0:05:47,,,,,0:05:19,,male,20-39,28,0,0,0
2180,0:05:23,0:05:48,,,,,,,female,60+,25,0,0,0
2182,0:05:25,0:10:15,,,0:09:22,0:09:41,,,male,0-19,290,0,19,0
2185,0:05:28,0:09:18,0:06:18,0:06:11,,,,,female,60+,230,0,0,0
2187,0:05:33,0:06:22,,,,,0:05:33,,female,60+,49,0,0,0
2188,0:05:35,0:07:43,,,0:06:15,0:07:01,0:07:06,,male,60+,128,0,46,0
2189,0:05:38,0:06:00,,,,,,,male,60+,22,0,0,0
2190,0:05:38,0:09:43,,,0:07:11,0:07:12,0:07:27,,female,60+,245,0,1,0
2193,0:05:41,0:07:53,,,0:06:30,0:07:30,,,male,60+,132,0,60,0
2196,0:05:49,0:08:33,,,,,,,female,60+,164,0,0,0
2197,0:05:51,0:06:40,,,,,,,male,60+,49,0,0,0
2199,0:05:52,0:06:22,,,,,0:05:52,,male,60+,30,0,0,0
2200,0:05:56,0:29:57,0:10:34,0:28:37,,,0:29:32,0:29:34,male,60+,1441,1083,0,2
2201,0:05:57,0:06:27,,,,,,,male,0-19,30,0,0,0
2202,0:06:00,0:07:20,,,0:06:00,0:07:01,,,male,60+,80,0,61,0
2208,0:06:08,1:01:04,,,,,,,male,20-39,3296,0,0,0
2210,0:06:14,0:15:19,,,0:10:41,0:12:37,0:06:15,0:07:17,male,60+,545,0,116,62
2212,0:06:21,0:09:00,,,,,,,male,60+,159,0,0,0
2213,0:06:25,0:07:30,,,,,,,female,60+,65,0,0,0
2220,0:06:30,0:06:52,,,0:06:30,,,,female,60+,22,0,0,0
2221,0:06:31,0:06:52,,,,,,,male,20-39,21,0,0,0
2224,0:06:33,0:08:03,,,,0:07:34,0:06:34,,male,20-39,90,0,454,0
2229,0:06:37,0:06:58,,,,,0:06:37,,male,20-39,21,0,0,0
2230,0:06:38,0:20:28,,,,,,,male,60+,830,0,0,0
2232,0:06:40,0:09:27,0:07:06,0:08:07,,,0:08:58,0:09:01,female,40-59,167,61,0,3
2240,0:06:46,0:08:46,,,,,0:06:47,,female,60+,120,0,0,0
2241,0:06:47,0:07:15,,,,,,,male,0-19,28,0,0,0
2242,0:06:48,0:07:06,,,,,,,female,60+,18,0,0,0
2244,0:06:54,0:07:27,,,,,0:06:54,,male,60+,33,0,0,0
2245,0:06:55,0:07:25,,,0:07:04,,,,female,20-39,30,0,0,0
2252,0:07:08,0:08:18,,,,,,,male,60+,70,0,0,0
2254,0:07:09,0:08:52,,,,,0:08:04,0:08:00,female,20-39,103,0,0,0
2255,0:07:11,0:07:41,,,,,,,male,60+,30,0,0,0
2258,0:07:15,0:08:16,,,,,0:07:41,,male,60+,61,0,0,0
2259,0:07:18,0:07:41,,,,,0:07:19,,female,20-39,23,0,0,0
2262,0:07:24,0:08:07,,,,,,,male,60+,43,0,0,0
2263,0:07:25,0:09:37,0:07:25,,,,,,female,60+,132,0,0,0
2265,0:07:28,0:15:12,,,,,,,male,60+,464,0,0,0
2266,0:07:29,0:08:04,0:07:29,,,,,,male,60+,35,0,0,0
2273,0:07:35,0:13:10,,,,,,,female,60+,335,0,0,0
2274,0:07:41,0:08:33,,,,,,,female,60+,52,0,0,0
2275,0:07:44,0:08:11,0:07:49,0:07:47,,,,,male,20-39,27,0,0,0
2279,0:07:55,0:09:21,,,,,,,female,60+,86,0,0,0
2280,0:07:57,0:08:21,,,,,0:07:57,,female,60+,24,0,0,0
2287,0:08:10,0:09:24,,,,,0:08:47,0:08:48,male,60+,74,0,0,1
2291,0:08:17,0:09:21,,,,,,,male,60+,64,0,0,0
2296,0:08:23,0:09:15,,,,,,,male,60+,52,0,0,0
2298,0:08:24,0:08:47,,,,,,,male,60+,23,0,0,0
2299,0:08:25,0:08:54,,,,,0:08:25,,male,60+,29,0,0,0
2300,0:08:27,0:09:26,,,,,,,female,60+,59,0,0,0
2301,0:08:29,0:33:43,0:33:19,,,,0:09:24,0:27:06,female,60+,1514,0,0,1062
2302,0:08:36,0:09:39,,,,,,,male,60+,63,0,0,0
2304,0:08:39,0:09:01,,,,,,,male,60+,22,0,0,0
2306,0:08:41,0:09:25,,,,,,,female,60+,44,0,0,0
2309,0:08:49,0:09:41,,,,,,,female,40-59,52,0,0,0
2310,0:08:51,0:28:01,0:11:47,0:12:15,0:27:28,,0:10:35,0:10:39,female,60+,1150,28,0,4
2312,0:08:54,0:11:15,,,0:09:01,0:10:02,,,female,60+,141,0,61,0
2313,0:08:56,0:12:53,,,,,0:11:32,,male,60+,237,0,0,0
2315,0:09:02,0:09:28,,,,,0:09:03,0:09:03,male,60+,26,0,0,0
2317,0:09:04,0:10:47,,,,,,,female,60+,103,0,0,0
2319,0:09:06,0:09:54,0:09:06,,,,,,male,60+,48,0,0,0
2321,0:09:08,0:10:49,,,,,0:09:09,0:10:26,female,40-59,101,0,0,77
2322,0:09:10,,,,,,1:01:22,1:01:14,male,60+,0,0,0,0
2323,0:09:11,0:09:35,,,,,,,female,60+,24,0,0,0
2324,0:09:12,0:11:17,,,0:09:18,0:09:59,,,male,20-39,125,0,41,0
2325,0:09:14,0:09:59,,,,,,,male,60+,45,0,0,0
2332,0:09:30,0:14:07,,,0:12:02,0:13:02,,,female,60+,277,0,60,0
2333,0:09:32,0:09:54,,,,,,,male,60+,22,0,0,0
2334,0:09:38,0:29:34,0:14:50,0:27:17,0:09:48,0:10:52,0:14:25,0:14:26,male,60+,1196,747,64,1
2338,0:09:45,0:11:21,,,,,,,male,60+,96,0,0,0
2339,0:09:47,0:12:02,,,0:09:54,0:10:52,,,male,20-39,135,0,58,0
2341,0:09:51,0:11:20,,,,,,,male,60+,89,0,0,0
2342,0:09:53,0:36:30,,,,,0:32:49,0:32:34,male,60+,1597,0,0,0
2343,0:09:56,0:16:57,0:14:27,0:14:43,,,,,male,60+,421,16,0,0
2345,0:09:58,0:15:08,0:11:48,0:13:56,0:14:04,0:10:44,,,male,20-39,310,128,0,0
2346,0:10:01,0:11:03,,,,,,,male,60+,62,0,0,0
2348,0:10:04,0:10:35,,,,,,,male,60+,31,0,0,0
2350,0:10:08,0:22:56,0:10:23,0:10:30,0:21:57,0:22:29,0:19:37,0:20:20,male,60+,768,7,32,43
2351,0:10:10,0:12:10,,,,,0:10:11,0:10:52,female,60+,120,0,0,41
2352,0:10:11,0:10:51,,,,,,,male,60+,40,0,0,0
2354,0:10:13,0:11:15,,,,,0:10:35,0:10:21,male,60+,62,0,0,0
2356,0:10:14,0:12:55,0:12:21,0:12:31,,,,,male,60+,161,10,0,0
2357,0:10:15,0:10:42,,,,,0:10:15,,male,60+,27,0,0,0
2358,0:10:16,0:10:41,,,,,,,female,20-39,25,0,0,0
2359,0:10:17,0:15:31,,,0:10:46,0:12:55,,,male,60+,314,0,129,0
2364,0:10:23,0:10:47,,,,,,,male,60+,24,0,0,0
2366,0:10:25,0:10:48,,,,,,,male,60+,23,0,0,0
2368,0:10:27,0:15:01,0:11:39,0:14:05,,,,,female,60+,274,146,0,0
2369,0:10:32,0:12:35,,,,,0:10:32,0:12:03,male,60+,123,0,0,91
2370,0:10:33,0:14:03,0:10:34,0:12:29,,,,,male,60+,210,115,0,0
2374,0:10:38,0:11:50,0:11:21,0:11:14,,,,,male,20-39,72,0,0,0
2376,0:10:46,0:11:08,,,,,,,female,60+,22,0,0,0
2379,0:10:50,0:11:40,,,,,,,female,60+,50,0,0,0
2382,0:10:54,0:12:49,,,,,,,male,60+,115,0,0,0
2385,0:10:58,0:12:23,,,,,,,female,20-39,85,0,0,0
2387,0:11:02,0:11:29,,,,,,,male,60+,27,0,0,0
2389,0:11:03,0:11:30,0:11:03,,,,,,female,60+,27,0,0,0
2391,0:11:06,0:11:35,,,,,,,male,60+,29,0,0,0
2392,0:11:09,0:13:08,,,,,0:11:34,0:11:47,male,20-39,119,0,0,13
2393,0:11:11,0:12:10,,,,,,,male,20-39,59,0,0,0
2397,0:11:17,0:16:36,,,,,,,male,60+,319,0,0,0
2403,0:11:23,0:12:18,,,,,,,male,60+,55,0,0,0
2404,0:11:24,0:12:04,,,,,,,male,60+,40,0,0,0
2405,0:11:27,0:12:28,,,,,,,male,60+,61,0,0,0
2406,0:11:28,0:11:52,,,,,0:11:30,,male,60+,24,0,0,0
2410,0:11:36,0:11:58,,,0:11:36,,,,female,20-39,22,0,0,0
2411,0:11:38,0:15:22,,,,,,,female,20-39,224,0,0,0
2422,0:11:53,0:32:51,0:30:35,0:30:37,,,0:14:20,0:14:21,female,60+,1258,2,0,1
2423,0:11:56,0:12:24,0:11:57,,,,,,female,20-39,28,0,0,0
2424,0:12:04,0:13:47,,,,,0:12:45,0:12:27,male,60+,103,0,0,0
2425,0:12:07,0:13:05,,,,,0:12:39,,male,60+,58,0,0,0
2431,0:12:21,0:14:08,0:12:21,0:12:24,,,0:13:42,0:13:43,male,60+,107,3,0,1
2442,0:12:27,0:13:29,,,,,,,male,60+,62,0,0,0
2445,0:12:32,0:12:54,,,0:12:33,,,,male,60+,22,0,0,0
2449,0:12:36,0:14:17,0:12:37,0:13:56,,,,,male,60+,101,79,0,0
2450,0:12:40,0:13:07,,,,,,,female,60+,27,0,0,0
2452,0:12:42,0:31:49,0:25:09,0:28:41,,,,,male,60+,1147,212,0,0
2453,0:12:44,0:14:04,,,,,0:13:14,0:13:37,male,60+,80,0,0,23
2460,0:12:47,0:14:08,,,,,,,male,60+,81,0,0,0
2461,0:12:48,0:13:37,,,,,,,male,60+,49,0,0,0
2462,0:12:50,0:17:08,0:16:22,0:16:18,,,0:12:50,0:14:28,male,60+,258,0,0,98
2468,0:13:02,0:13:24,,,,,,,male,60+,22,0,0,0
2469,0:13:04,0:13:24,,,,,,,male,60+,20,0,0,0
2471,0:13:06,0:13:26,0:13:07,,,,,,male,60+,20,0,0,0
2475,0:13:16,0:17:40,,,,,,,male,60+,264,0,0,0
2477,0:13:20,0:14:16,,,,,,,male,0-19,56,0,0,0
2478,0:13:23,0:16:41,,,0:14:08,0:15:06,,,female,60+,198,0,58,0
2480,0:13:25,0:13:53,0:13:33,,,,,,female,60+,28,0,0,0
2483,0:13:28,0:13:50,0:13:28,,,,,,male,60+,22,0,0,0
2484,0:13:29,0:15:11,,,,,,,female,60+,102,0,0,0
2485,0:13:31,0:13:59,,,,,,,male,20-39,28,0,0,0
2494,0:13:41,0:14:35,,,,,,,male,60+,54,0,0,0
2498,0:13:47,0:15:13,0:13:49,,,,,,female,60+,86,0,0,0
2501,0:13:50,0:14:42,,,,,0:13:50,0:14:23,male,20-39,52,0,0,33
2507,0:13:56,0:14:21,,,,,,,male,0-19,25,0,0,0
2508,0:13:59,0:15:06,0:13:59,0:14:07,,,,,male,60+,67,8,0,0
2513,0:14:11,0:14:34,,,,,,,male,60+,23,0,0,0
2514,0:14:12,0:14:43,,,0:14:13,,,,male,20-39,31,0,0,0
2515,0:14:12,0:15:04,,,,,,,male,60+,52,0,0,0
2519,0:14:16,0:14:41,,,,,,,male,0-19,25,0,0,0
2521,0:14:19,0:15:13,0:14:37,0:14:22,,,,,female,60+,54,0,0,0
2534,0:14:28,0:14:51,,,,,,,male,60+,23,0,0,0
2536,0:14:30,0:22:25,,,,,,,male,20-39,475,0,0,0
2539,0:14:33,0:14:53,,,,,,,female,60+,20,0,0,0
2541,0:14:36,0:14:56,,,,,,,male,60+,20,0,0,0
2553,0:14:47,0:16:03,,,,,,,male,60+,76,0,0,0
2554,0:14:48,0:16:58,0:14:48,,,,,,female,60+,130,0,0,0
2555,0:14:49,0:15:11,,,,,,,male,60+,22,0,0,0
2558,0:14:54,0:15:43,,,,,,,female,40-59,49,0,0,0
2561,0:14:58,0:16:08,,,,,0:14:58,0:15:43,female,60+,70,0,0,45
2563,0:15:00,0:16:02,,,,,,,male,60+,62,0,0,0
2564,0:15:01,0:16:13,,,,,,,male,20-39,72,0,0,0
2565,0:15:04,0:37:35,,,,,,,male,20-39,1351,0,0,0
2566,0:15:14,0:22:08,,,0:15:35,0:15:36,0:20:45,0:20:44,male,0-19,414,0,1,0
2568,0:15:16,0:17:33,0:15:17,,,,,,female,60+,137,0,0,0
2570,0:15:18,0:20:03,,,0:15:18,0:15:36,,,male,60+,285,0,18,0
2575,0:15:26,0:16:36,,,,,,,female,60+,70,0,0,0
2576,0:15:27,0:16:18,0:15:34,,,,,,female,60+,51,0,0,0
2577,0:15:30,0:16:22,,,0:15:36,0:15:37,,,male,20-39,52,0,1,0
2581,0:15:39,0:16:24,,,,,,,female,20-39,45,0,0,0
2582,0:15:42,0:17:53,0:15:44,0:17:07,,,,,male,60+,131,83,0,0
2583,0:15:45,0:16:40,,,,,0:15:45,,female,60+,55,0,0,0
2584,0:15:50,0:16:39,,,,,,,male,60+,49,0,0,0
2585,0:15:52,0:16:18,,,,,,,female,60+,26,0,0,0
2588,0:15:57,0:32:10,0:25:38,0:19:32,0:21:22,0:22:47,0:24:22,0:30:22,male,60+,973,0,85,360
2593,0:16:04,0:27:13,0:16:05,,,,,,female,60+,669,0,0,0
2594,0:16:07,0:28:56,,,,,,,male,60+,769,0,0,0
2598,0:16:11,0:16:31,,,,,,,male,60+,20,0,0,0
2602,0:16:15,0:16:42,0:16:15,,,,,,male,60+,27,0,0,0
2603,0:16:22,0:23:26,,,0:22:04,0:22:06,,,male,60+,424,0,2,0
2607,0:16:28,0:18:19,,,,,,,female,60+,111,0,0,0
2611,0:16:33,0:23:50,0:18:39,0:18:52,0:20:44,0:22:32,,,female,20-39,437,13,108,0
2616,0:16:38,0:17:01,,,,,,,female,20-39,23,0,0,0
2617,0:16:39,0:19:32,0:18:50,,,,,,female,20-39,173,0,0,0
2619,0:16:41,0:20:28,,,0:18:14,,,,female,20-39,227,0,0,0
2620,0:16:43,0:17:09,,,,,,,male,20-39,26,0,0,0
2621,0:16:45,0:17:24,0:17:01,0:16:54,,,,,male,60+,39,0,0,0
2622,0:16:46,0:19:17,,,,,,,male,60+,151,0,0,0
2623,0:16:47,0:19:08,,,,,,,male,60+,141,0,0,0
2628,0:16:53,0:30:25,0:18:39,0:19:00,,,,,female,60+,812,21,0,0
2633,0:17:00,0:17:44,,,,,,,male,20-39,44,0,0,0
2638,0:17:07,0:19:33,,,0:18:44,0:19:08,,,male,60+,146,0,24,0
2642,0:17:10,0:22:22,,,,,,,male,60+,312,0,0,0
2643,0:17:11,0:18:08,,,,,,,male,60+,57,0,0,0
2645,0:17:14,0:20:11,,,0:17:22,0:18:47,0:19:01,0:19:02,male,60+,177,0,85,1
2650,0:17:16,0:21:58,,,0:20:58,0:21:29,,,male,60+,282,0,31,0
2652,0:17:17,0:17:47,0:17:17,,,,,,female,40-59,30,0,0,0
2655,0:17:18,0:18:34,,,,,0:17:18,0:17:41,male,60+,76,0,0,23
2657,0:17:24,0:20:13,,,,,,,female,60+,169,0,0,0
2659,0:17:25,0:20:12,,,0:17:30,0:18:54,,,female,60+,167,0,84,0
2660,0:17:26,0:17:51,,,,,,,female,20-39,25,0,0,0
2661,0:17:27,0:17:57,,,,,,,male,20-39,30,0,0,0
2664,0:17:31,0:22:26,,,,,0:21:49,0:21:45,male,60+,295,0,0,0
2666,0:17:34,0:20:26,,,,,,,male,20-39,172,0,0,0
2675,0:17:38,0:18:09,0:17:38,,,,,,male,60+,31,0,0,0
2681,0:17:42,0:19:02,0:17:42,0:18:37,,,,,male,60+,80,55,0,0
2682,0:17:43,0:19:35,,,0:17:59,,,,male,60+,112,0,0,0
2688,0:17:49,0:22:21,,,0:19:11,0:19:14,,,female,20-39,272,0,3,0
2690,0:17:50,0:18:25,,,0:17:50,,,,male,60+,35,0,0,0
2691,0:17:51,0:19:42,,,,,0:18:01,0:19:17,male,60+,111,0,0,76
2692,0:17:54,0:18:54,,,0:18:28,,,,male,60+,60,0,0,0
2694,0:17:55,0:21:15,,,,,,,male,20-39,200,0,0,0
2695,0:17:59,0:18:54,,,0:18:17,,,,male,60+,55,0,0,0
2697,0:18:00,0:18:53,,,,,,,female,60+,53,0,0,0
2699,0:18:03,0:18:33,,,,,,,male,60+,30,0,0,0
2700,0:18:04,0:19:05,,,0:18:22,0:18:17,,,female,60+,61,0,0,0
2703,0:18:05,0:18:34,,,,,0:18:07,,male,60+,29,0,0,0
2704,0:18:06,0:19:17,,,,,,,male,20-39,71,0,0,0
2705,0:18:08,0:20:10,,,,,0:18:08,0:19:12,female,60+,122,0,0,64
2708,0:18:14,0:20:51,,,0:18:22,0:19:25,,,male,40-59,157,0,63,0
2709,0:18:19,0:19:07,0:18:41,,,,,,male,60+,48,0,0,0
2712,0:18:23,0:26:30,,,,,0:20:50,0:20:59,male,20-39,487,0,0,9
2713,0:18:25,0:22:10,,,0:20:20,0:21:08,,,male,60+,225,0,48,0
2717,0:18:30,0:22:15,0:19:53,0:20:12,,,0:21:30,0:21:48,male,20-39,225,19,0,18
2718,0:18:32,0:18:57,,,,,,,male,60+,25,0,0,0
2726,0:18:42,0:20:22,,,,,,,male,60+,100,0,0,0
2728,0:18:44,0:19:10,,,,,,,male,20-39,26,0,0,0
2729,0:18:45,0:23:18,0:18:46,,0:21:56,0:21:58,,,male,20-39,273,0,2,0
2734,0:18:50,0:20:18,,,,,,,male,60+,88,0,0,0
2735,0:18:55,0:19:41,,,,,,,male,60+,46,0,0,0
2739,0:19:02,0:22:35,,,0:21:52,0:21:24,,,female,60+,213,0,0,0
2741,0:19:04,0:19:31,,,,,,,male,60+,27,0,0,0
2744,0:19:11,0:19:58,,,0:19:12,,,,male,20-39,47,0,0,0
2747,0:19:16,0:19:58,,,,,,,female,60+,42,0,0,0
2749,0:19:19,0:21:50,,,,,,,female,60+,151,0,0,0
2751,0:19:22,0:20:07,,,,,,,male,60+,45,0,0,0
2755,0:19:26,0:19:51,0:19:26,,,,,,male,0-19,25,0,0,0
2764,0:19:40,0:20:20,,,,,0:19:40,,male,60+,40,0,0,0
2765,0:19:41,0:21:27,0:19:43,,,,,,male,60+,106,0,0,0
2767,0:19:44,0:20:11,0:19:45,,,,,,male,60+,27,0,0,0
2772,0:19:50,0:20:20,,,,,,,male,20-39,30,0,0,0
2773,0:19:52,0:20:24,,,,,,,male,20-39,32,0,0,0
2775,0:19:53,0:20:40,,,,,,,male,60+,47,0,0,0
2777,0:20:03,0:22:31,,,,,,,male,0-19,148,0,0,0
2779,0:20:04,0:20:45,,,,,,,male,0-19,41,0,0,0
2781,0:20:08,0:20:35,,,,,,,male,20-39,27,0,0,0
2782,0:20:11,0:20:51,,,,,,,male,60+,40,0,0,0
2785,0:20:17,0:21:17,,,,,,,male,60+,60,0,0,0
2786,0:20:18,0:21:27,,,0:20:32,0:20:32,,,male,20-39,69,0,0,0
2787,0:20:19,0:29:38,,,0:29:09,0:29:00,0:27:14,0:27:32,female,60+,559,0,0,18
2788,0:20:24,0:22:34,,,,,0:21:31,,male,20-39,130,0,0,0
2793,0:20:30,0:20:58,,,,,0:20:31,,male,60+,28,0,0,0
2796,0:20:36,0:21:53,,,,,0:20:37,,male,60+,77,0,0,0
2797,0:20:43,0:28:57,0:26:56,0:26:50,,,,0:28:04,male,60+,494,0,0,1684
2800,0:20:46,0:22:31,0:20:46,,,,,,female,60+,105,0,0,0
2803,0:20:49,0:21:12,,,,,,,male,20-39,23,0,0,0
2807,0:20:52,0:21:46,,,,,0:21:05,0:21:24,male,20-39,54,0,0,19
2810,0:20:56,0:23:14,,,,,,,female,60+,138,0,0,0
2815,0:21:00,0:23:50,,,0:21:01,0:22:34,,,male,60+,170,0,93,0
2816,0:21:04,0:21:25,,,,,,,male,20-39,21,0,0,0
2817,0:21:09,0:23:22,,,0:21:12,0:22:11,,,male,60+,133,0,59,0
2818,0:21:12,0:21:32,,,,,,,male,60+,20,0,0,0
2819,0:21:17,0:25:44,0:21:18,,,0:21:59,,,male,20-39,267,0,1319,0
2822,0:21:27,0:21:52,,,,,,,male,20-39,25,0,0,0
2829,0:21:33,0:23:02,,,0:21:34,0:22:19,0:22:39,,male,60+,89,0,45,0
2830,0:21:38,0:22:03,,,,,,,male,20-39,25,0,0,0
2833,0:21:42,0:23:52,0:21:43,,,,,,male,60+,130,0,0,0
2834,0:21:43,0:38:22,,,,,0:31:13,0:29:55,male,60+,999,0,0,0
2841,0:21:54,0:22:19,0:21:55,,,,,,male,40-59,25,0,0,0
2843,0:21:58,0:22:20,,,,,,,male,60+,22,0,0,0
2850,0:22:00,0:28:57,,,,,0:24:24,0:24:24,male,60+,417,0,0,0
2854,0:22:03,0:24:53,,,,,0:22:14,0:22:54,male,60+,170,0,0,40
2855,0:22:05,0:25:20,,,,,,,female,60+,195,0,0,0
2857,0:22:10,0:22:48,,,,,,,male,60+,38,0,0,0
2858,0:22:17,0:22:37,0:22:18,,,,,,male,20-39,20,0,0,0
2862,0:22:26,0:23:24,,,,,,,male,20-39,58,0,0,0
2863,0:22:32,0:22:56,,,,,,,male,0-19,24,0,0,0
2866,0:22:36,0:27:26,0:26:21,0:26:15,,,,,male,60+,290,0,0,0
2869,0:22:38,0:24:21,,,,,0:22:38,,male,60+,103,0,0,0
2870,0:22:39,0:25:02,,,,,,,male,20-39,143,0,0,0
2871,0:22:41,0:33:50,0:28:00,0:28:28,0:30:19,0:32:28,0:26:30,0:26:08,male,60+,669,28,129,0
2873,0:22:43,0:24:26,,,,,0:22:58,0:22:56,male,60+,103,0,0,0
2877,0:22:48,0:23:17,0:22:58,,,,,,female,60+,29,0,0,0
2883,0:22:55,0:34:18,0:31:41,0:32:21,0:29:05,0:29:26,0:33:41,0:26:51,male,20-39,683,40,21,0
2884,0:22:57,0:24:03,,,,,,,male,20-39,66,0,0,0
2885,0:22:59,0:24:14,,,,,,,male,60+,75,0,0,0
2887,0:23:06,0:27:52,,,,,0:23:06,,male,20-39,286,0,0,0
2889,0:23:14,0:26:15,,,,,,,male,20-39,181,0,0,0
2890,0:23:18,0:23:41,0:23:19,,,,,,male,60+,23,0,0,0
2891,0:23:20,0:23:52,0:23:20,,,,,,male,20-39,32,0,0,0
2901,0:23:32,0:23:54,0:23:32,,,,,,male,60+,22,0,0,0
2903,0:23:33,0:35:12,0:32:25,0:32:40,0:27:23,0:29:18,0:34:44,0:27:05,female,60+,699,15,115,0
2905,0:23:36,0:24:56,,,,,0:24:21,,male,20-39,80,0,0,0
2909,0:23:41,0:24:04,,,,,,,male,60+,23,0,0,0
2912,0:23:50,0:24:28,,,,,,,male,20-39,38,0,0,0
2914,0:23:55,0:24:41,,,,,0:23:56,,female,60+,46,0,0,0
2915,0:23:59,0:25:30,,,0:24:03,,,,male,60+,91,0,0,0
2917,0:24:01,0:29:04,0:28:21,0:28:24,,,,,female,60+,303,3,0,0
2918,0:24:03,0:24:40,0:24:05,,,,,,female,60+,37,0,0,0
2920,0:24:06,0:24:29,,,,,0:24:06,,female,60+,23,0,0,0
2921,0:24:09,0:24:55,,,,,,,male,20-39,46,0,0,0
2924,0:24:13,0:24:34,0:24:13,,,,,,female,60+,21,0,0,0
2925,0:24:18,0:29:44,,,0:27:50,0:29:06,0:27:06,0:27:36,male,20-39,326,0,76,30
2929,0:24:27,0:24:48,,,,,,,female,20-39,21,0,0,0
2930,0:24:32,0:24:52,0:24:32,,,,,,female,60+,20,0,0,0
2932,0:24:39,0:24:58,0:24:40,,,,,,female,60+,19,0,0,0
2936,0:24:51,0:25:10,,,,,0:24:51,,male,60+,19,0,0,0
2937,0:24:58,0:25:22,0:25:00,,,,,,male,60+,24,0,0,0
2938,0:25:04,0:32:05,,,,,0:25:04,0:30:13,female,60+,421,0,0,309
2940,0:25:07,0:30:07,,,0:26:05,0:26:53,,,female,60+,300,0,48,0
2941,0:25:08,0:28:21,,,,,,,male,60+,193,0,0,0
2943,0:25:13,0:27:02,0:25:38,0:26:36,,,,,male,60+,109,58,0,0
2944,0:25:15,0:29:58,0:27:53,0:28:46,,,,,male,60+,283,53,0,0
2946,0:25:21,0:26:51,0:25:58,0:26:01,,,,,female,60+,90,3,0,0
2950,0:25:27,0:33:09,0:26:03,0:27:05,,,0:29:01,0:31:15,female,60+,462,62,0,134
2951,0:25:28,0:30:13,,,,,0:29:53,0:29:53,male,20-39,285,0,0,0
2953,0:25:31,0:26:11,0:25:31,,,,,,female,60+,40,0,0,0
2954,0:25:33,0:26:54,0:25:58,0:26:28,,,,,female,60+,81,30,0,0
2955,0:25:34,0:26:30,,,,,,,female,60+,56,0,0,0
2957,0:25:40,0:28:12,,,0:25:49,0:26:53,,,female,60+,152,0,64,0
2960,0:25:42,0:26:05,,,,,,,male,60+,23,0,0,0
2961,0:25:43,0:26:10,,,,,0:25:43,,male,60+,27,0,0,0
2966,0:25:52,0:29:56,,,,,,,male,60+,244,0,0,0
2968,0:25:54,0:28:45,,,,,0:27:28,0:28:18,female,20-39,171,0,0,50
2973,0:26:02,0:29:35,0:28:05,0:28:06,,,,,male,60+,213,1,0,0
2979,0:26:09,0:28:47,,,,,,,male,40-59,158,0,0,0
2981,0:26:14,0:28:31,0:26:17,0:27:01,,,0:27:26,,male,60+,137,44,0,0
2982,0:26:17,0:28:37,0:27:02,,,,,,female,60+,140,0,0,0
2992,0:26:22,0:26:56,0:26:24,,,,,,female,60+,34,0,0,0
2993,0:26:24,0:35:21,0:32:33,0:33:09,,,0:33:19,0:34:17,male,60+,537,36,0,58
2995,0:26:26,0:27:04,,,,,,,female,60+,38,0,0,0
3001,0:26:29,0:27:17,,,,,,,male,60+,48,0,0,0
3003,0:26:32,0:43:06,,,,,,,female,20-39,994,0,0,0
3004,0:26:33,0:33:57,,,,,0:33:38,0:31:04,female,60+,444,0,0,0
3010,0:26:37,0:30:51,0:29:27,0:29:58,0:30:24,,,,male,60+,254,31,0,0
3015,0:26:41,0:30:33,,,0:26:47,0:28:09,0:28:20,0:29:37,female,60+,232,0,82,77
3018,0:26:44,0:27:13,,,,,,,male,60+,29,0,0,0
3022,0:26:54,0:29:42,0:29:11,,,,0:26:54,0:28:41,male,20-39,168,0,0,107
3023,0:26:55,0:31:19,,,,,0:30:13,0:30:16,male,20-39,264,0,0,3
3028,0:26:59,0:27:54,0:27:01,,,,,,male,60+,55,0,0,0
3029,0:27:01,0:39:32,0:38:58,0:37:16,0:36:13,0:36:14,,,male,60+,751,0,1,0
3035,0:27:08,0:28:21,,,,,,,male,60+,73,0,0,0
3038,0:27:09,0:28:46,,,0:27:19,,,0:28:04,male,60+,97,0,0,1684
3039,0:27:10,0:27:53,0:27:11,0:27:23,,,,,male,60+,43,12,0,0
3040,0:27:16,0:34:19,,,,,0:27:50,0:28:00,female,60+,423,0,0,10
3047,0:27:19,0:32:32,0:27:45,0:28:18,0:30:27,0:32:02,,,male,60+,313,33,95,0
3050,0:27:21,0:28:08,,,,,,,male,20-39,47,0,0,0
3054,0:27:25,0:28:02,,,,,,,male,60+,37,0,0,0
3057,0:27:27,0:27:58,,,,,,,male,60+,31,0,0,0
3058,0:27:28,0:52:22,0:30:34,0:30:59,0:49:19,0:50:52,0:36:57,0:36:30,male,60+,1494,25,93,0
3060,0:27:30,0:32:02,0:27:30,0:28:20,,,,,male,60+,272,50,0,0
3063,0:27:32,0:29:52,0:27:33,0:28:33,,,,,male,20-39,140,60,0,0
3066,0:27:41,0:33:13,,,0:27:42,,0:29:27,0:31:21,female,60+,332,0,0,114
3067,0:27:43,0:29:33,,,0:27:43,,,0:29:04,male,60+,110,0,0,1744
3068,0:27:47,0:28:14,,,,,,,male,0-19,27,0,0,0
3070,0:27:49,0:28:24,0:27:50,,,,,,female,60+,35,0,0,0
3071,0:27:55,0:28:21,,,,,,,male,60+,26,0,0,0
3077,0:28:05,0:31:18,0:30:10,0:30:21,,,,,male,60+,193,11,0,0
3079,0:28:10,0:28:39,,,,,,,male,60+,29,0,0,0
3081,0:28:13,0:30:14,,,,,0:29:51,0:29:55,male,60+,121,0,0,4
3082,0:28:17,0:33:49,0:28:19,,,,,,male,60+,332,0,0,0
3085,0:28:24,0:29:35,,,,,,,female,60+,71,0,0,0
3092,0:28:29,0:34:30,0:30:57,0:32:52,,,,,female,60+,361,115,0,0
3094,0:28:35,0:31:36,0:28:57,0:29:20,0:31:04,,0:29:37,0:30:48,male,60+,181,23,0,71
3100,0:28:44,0:29:12,,,,,,,male,60+,28,0,0,0
3106,0:28:48,0:50:08,,,,,0:32:10,0:32:00,female,20-39,1280,0,0,0
3107,0:28:49,0:29:29,,,,,,,female,60+,40,0,0,0
3109,0:28:51,0:29:42,,,,,,,female,60+,51,0,0,0
3112,0:28:59,0:29:35,,,,,,,male,20-39,36,0,0,0
3113,0:29:00,0:29:29,,,,,,,male,60+,29,0,0,0
3117,0:29:08,0:29:43,0:29:08,,,,,,male,60+,35,0,0,0
3119,0:29:11,0:33:39,,,,,,,male,60+,268,0,0,0
3122,0:29:15,0:31:58,,,,,0:31:23,0:30:24,male,20-39,163,0,0,0
3124,0:29:20,0:29:50,,,,,,,female,0-19,30,0,0,0
3125,0:29:22,0:35:45,0:29:22,,,,,,male,20-39,383,0,0,0
3126,0:29:23,0:38:39,,,,,0:37:54,0:38:10,male,0-19,556,0,0,16
3128,0:29:28,0:34:37,0:29:35,,,,,,male,60+,309,0,0,0
3130,0:29:34,0:33:43,,,0:30:27,0:32:18,,,male,40-59,249,0,111,0
3131,0:29:36,0:30:13,,,,,,,male,60+,37,0,0,0
3132,0:29:40,0:32:34,0:30:15,0:30:16,,,,,male,60+,174,1,0,0
3134,0:29:41,0:30:56,0:30:17,0:30:19,,,,,female,20-39,75,2,0,0
3147,0:30:02,0:41:33,,,,,,,male,0-19,691,0,0,0
3158,0:30:18,0:34:06,,,,,0:30:29,0:33:50,male,60+,228,0,0,201
3160,0:30:25,0:30:52,,,,,,,female,60+,27,0,0,0
3161,0:30:32,0:32:35,,,,,,,male,60+,123,0,0,0
3164,0:30:35,0:33:53,0:32:50,0:32:51,,,,,female,60+,198,1,0,0
3165,0:30:36,0:31:04,,,,,,,male,60+,28,0,0,0
3168,0:30:40,0:31:35,,,,,,,male,60+,55,0,0,0
3169,0:30:41,0:33:12,0:32:42,,,,,,male,60+,151,0,0,0
3172,0:30:44,0:38:02,,,,,0:37:38,0:35:18,male,60+,438,0,0,0
3175,0:30:50,0:31:19,,,,,,,female,60+,29,0,0,0
3178,0:30:54,0:35:09,,,,,0:34:08,0:34:12,female,60+,255,0,0,4
3179,0:30:56,0:31:25,,,,,,,male,60+,29,0,0,0
3181,0:31:01,0:38:35,,,,,0:33:00,0:32:51,male,60+,454,0,0,0
3184,0:31:03,0:33:45,,,0:31:04,0:32:20,,,male,60+,162,0,76,0
3186,0:31:07,0:57:21,0:51:04,0:51:12,,,0:31:07,,female,60+,1574,8,0,0
3191,0:31:11,0:31:50,,,,,,,female,60+,39,0,0,0
3193,0:31:13,0:31:57,,,0:31:22,,,,female,60+,44,0,0,0
3194,0:31:16,0:32:12,,,,,,,male,60+,56,0,0,0
3200,0:31:23,0:31:58,,,,,,,male,20-39,35,0,0,0
3201,0:31:25,0:32:20,,,,,,,male,0-19,55,0,0,0
3203,0:31:27,0:32:05,,,,,0:31:28,,male,20-39,38,0,0,0
3204,0:31:28,0:34:20,0:32:16,0:32:30,,,,,male,20-39,172,14,0,0
3205,0:31:29,0:33:25,,,,,,,male,60+,116,0,0,0
3209,0:31:33,0:33:05,,,,,0:32:35,0:32:07,male,60+,92,0,0,0
3210,0:31:35,0:33:43,,,0:31:35,0:32:13,,,female,60+,128,0,38,0
3211,0:31:36,0:32:36,,,,,0:31:39,,male,60+,60,0,0,0
3215,0:31:40,0:32:16,,,,,,,male,60+,36,0,0,0
3218,0:31:42,0:33:30,,,0:31:57,0:32:21,,,male,60+,108,0,24,0
3220,0:31:46,0:33:02,0:32:31,,,,,,male,0-19,76,0,0,0
3222,0:31:48,0:32:24,,,,,,,male,20-39,36,0,0,0
3223,0:31:51,0:33:31,,,,,0:33:05,,female,60+,100,0,0,0
3225,0:31:58,0:33:05,,,,,,,male,20-39,67,0,0,0
3228,0:32:09,0:32:42,0:32:11,,,,,,male,20-39,33,0,0,0
3229,0:32:11,0:34:14,0:32:15,0:32:58,,,,,female,60+,123,43,0,0
3230,0:32:18,0:34:09,,,,,,,female,60+,111,0,0,0
3233,0:32:23,0:38:32,,,,,0:32:23,0:35:39,male,60+,369,0,0,196
3235,0:32:27,0:33:31,,,,,0:32:48,0:33:00,female,60+,64,0,0,12
3242,0:32:44,0:33:46,,,,,,,male,0-19,62,0,0,0
3243,0:32:45,0:33:19,,,,,,,female,60+,34,0,0,0
3244,0:32:46,0:33:19,,,,,,,male,60+,33,0,0,0
3249,0:33:04,0:34:17,0:33:53,0:33:54,,,,,male,60+,73,1,0,0
3250,0:33:07,0:52:15,0:46:26,0:46:53,,,0:46:59,,male,60+,1148,27,0,0
3251,0:33:08,0:35:38,,,,,0:34:54,0:35:14,female,60+,150,0,0,20
3253,0:33:12,0:38:05,,,,,,,male,40-59,293,0,0,0
3254,0:33:17,0:34:18,,,,,,,male,60+,61,0,0,0
3256,0:33:29,0:33:53,,,,,,,female,60+,24,0,0,0
3259,0:33:34,0:33:56,,,,,,,male,20-39,22,0,0,0
3262,0:33:37,0:35:04,0:33:37,,,,,,male,60+,87,0,0,0
3265,0:33:48,0:34:27,,,,,,,female,60+,39,0,0,0
3271,0:34:04,0:34:24,,,,,0:34:05,,female,20-39,20,0,0,0
3273,0:34:12,0:34:48,,,,,,,female,20-39,36,0,0,0
3280,0:34:24,0:35:13,,,,,,,female,60+,49,0,0,0
3282,0:34:25,0:44:39,0:37:22,0:38:24,,,0:38:49,0:36:46,male,60+,614,62,0,0
3283,0:34:26,0:36:09,,,,,0:34:27,,male,60+,103,0,0,0
3284,0:34:28,0:37:27,,,,,0:35:28,0:36:41,female,60+,179,0,0,73
3286,0:34:30,0:36:08,,,,,0:35:45,0:35:00,male,60+,98,0,0,0
3287,0:34:32,0:34:51,,,,,0:34:32,,male,60+,19,0,0,0
3288,0:34:33,0:36:07,,,,,,,male,0-19,94,0,0,0
3291,0:34:41,0:40:18,,,,,0:39:13,0:37:37,male,60+,337,0,0,0
3295,0:34:46,0:35:16,0:34:46,,,,,,female,60+,30,0,0,0
3296,0:34:46,0:35:17,,,,,,,male,60+,31,0,0,0
3303,0:34:50,0:35:22,,,,,,,female,60+,32,0,0,0
3304,0:34:51,0:35:17,,,,,,,male,60+,26,0,0,0
3306,0:34:53,0:35:13,,,,,,,female,20-39,20,0,0,0
3308,0:35:00,0:36:47,0:35:00,,,,,,male,20-39,107,0,0,0
3310,0:35:03,0:35:24,,,,,,,male,60+,21,0,0,0
3311,0:35:16,0:46:08,,,0:42:57,0:44:03,,,male,60+,652,0,66,0
3312,0:35:19,0:36:55,0:35:19,,,,,,female,40-59,96,0,0,0
3313,0:35:20,0:37:12,0:35:21,,,,,,female,60+,112,0,0,0
3314,0:35:21,0:36:25,,,,,,,female,60+,64,0,0,0
3323,0:35:30,0:35:54,,,,,0:35:30,,male,60+,24,0,0,0
3329,0:35:31,0:42:45,0:38:14,0:38:48,,,0:42:05,,male,20-39,434,34,0,0
3331,0:35:32,0:36:42,,,,,,,male,60+,70,0,0,0
3332,0:35:33,0:37:47,,,,,,,female,60+,134,0,0,0
3334,0:35:38,0:36:02,,,,,,,male,60+,24,0,0,0
3337,0:35:40,0:36:04,,,,,,,female,20-39,24,0,0,0
3338,0:35:41,0:38:11,,,,,0:36:11,0:36:10,female,40-59,150,0,0,0
3347,0:35:48,0:36:41,,,,,,,male,60+,53,0,0,0
3350,0:35:52,0:36:28,,,,,,,female,60+,36,0,0,0
3352,0:35:54,0:39:53,0:37:33,0:38:36,,,,,male,60+,239,63,0,0
3355,0:36:01,0:36:51,,,,,,,female,60+,50,0,0,0
3362,0:36:12,0:37:48,,,,,,,female,20-39,96,0,0,0
3365,0:36:16,0:44:03,,,,,0:39:48,0:39:50,male,60+,467,0,0,2
3366,0:36:17,0:37:17,0:36:17,,,,,,male,60+,60,0,0,0
3367,0:36:19,0:50:05,0:47:24,0:47:34,0:47:54,,0:36:20,,male,60+,826,10,0,0
3370,0:36:32,0:37:27,,,,,,,female,60+,55,0,0,0
3371,0:36:33,0:37:10,,,,,,,male,60+,37,0,0,0
3372,0:36:36,0:37:40,,,,,,,male,20-39,64,0,0,0
3374,0:36:38,0:39:10,,,0:36:50,0:38:02,,,male,60+,152,0,72,0
3376,0:36:49,0:46:56,,,,,,,female,60+,607,0,0,0
3378,0:36:54,0:38:27,,,,,0:36:55,,male,60+,93,0,0,0
3380,0:36:58,0:37:28,,,,,,,female,60+,30,0,0,0
3381,0:36:59,0:38:22,0:37:28,,0:36:59,0:37:12,,,male,60+,83,0,13,0
3383,0:37:02,0:37:27,,,,,,,male,60+,25,0,0,0
3387,0:37:06,0:41:14,,,,,0:38:49,0:38:50,female,60+,248,0,0,1
3389,0:37:12,0:37:40,,,0:37:13,,,,male,60+,28,0,0,0
3391,0:37:15,0:38:22,0:37:16,,,,,,male,60+,67,0,0,0
3393,0:37:19,0:38:00,0:37:19,,,,,,female,60+,41,0,0,0
3394,0:37:20,0:39:55,,,0:37:36,0:38:46,,,female,60+,155,0,70,0
3395,0:37:22,0:37:56,0:37:22,,,,,,female,60+,34,0,0,0
3397,0:37:30,0:38:44,0:37:31,,,,,,male,60+,74,0,0,0
3398,0:37:30,0:37:59,0:37:31,,,,,,female,60+,29,0,0,0
3400,0:37:34,0:39:54,,,0:37:46,0:38:45,,,male,60+,140,0,59,0
3401,0:37:35,0:38:25,,,,,,,male,60+,50,0,0,0
3402,0:37:37,0:45:28,0:37:38,0:38:47,,,0:39:22,0:39:48,male,60+,471,69,0,26
3404,0:37:42,0:39:25,0:38:58,0:38:46,,,,,male,60+,103,0,0,0
3405,0:37:43,0:40:44,0:40:08,0:40:18,,,,,male,60+,181,10,0,0
3407,0:37:45,0:38:36,0:37:45,,,,,,female,60+,51,0,0,0
3408,0:37:49,0:38:35,,,,,0:37:49,,male,60+,46,0,0,0
3410,0:37:51,0:38:16,0:37:51,,,,,,female,60+,25,0,0,0
3412,0:38:07,0:43:07,0:42:30,0:41:32,,,,,male,20-39,300,0,0,0
3413,0:38:11,0:53:25,,,0:52:57,,,,female,20-39,914,0,0,0
3414,0:38:14,0:43:53,0:38:14,0:40:53,,,,,male,60+,339,159,0,0
3415,0:38:17,0:38:41,,,,,,,male,60+,24,0,0,0
3416,0:38:18,0:39:16,0:38:18,,,,,,female,60+,58,0,0,0
3419,0:38:21,1:01:23,0:57:15,0:58:30,0:38:26,,0:59:38,0:59:39,female,60+,1382,75,0,1
3421,0:38:27,0:40:14,,,0:38:32,,,,male,60+,107,0,0,0
3423,0:38:31,0:38:54,,,,,,,male,0-19,23,0,0,0
3427,0:38:38,0:41:05,,,,,,,male,40-59,147,0,0,0
3429,0:38:42,0:39:35,,,,,,,male,60+,53,0,0,0
3430,0:38:43,0:39:39,,,,,,,female,20-39,56,0,0,0
3433,0:38:49,0:39:55,,,,,,,female,60+,66,0,0,0
3436,0:38:51,0:39:14,,,,,,,male,60+,23,0,0,0
3437,0:38:52,0:40:15,,,,,0:38:53,,male,60+,83,0,0,0
3443,0:38:55,0:41:32,,,,,,,male,60+,157,0,0,0
3448,0:39:00,0:40:22,,,,,,,male,60+,82,0,0,0
3449,0:39:01,0:41:42,,,,,,,male,60+,161,0,0,0
3450,0:39:03,0:39:59,,,,,0:39:03,,male,60+,56,0,0,0
3451,0:39:05,0:39:34,0:39:05,,,,,,male,60+,29,0,0,0
3452,0:39:07,0:41:42,,,0:39:55,0:40:47,,,male,60+,155,0,52,0
3455,0:39:17,0:39:41,,,,,,,female,20-39,24,0,0,0
3456,0:39:21,0:39:56,,,,,,,male,60+,35,0,0,0
3458,0:39:26,0:40:25,,,,,,,male,20-39,59,0,0,0
3461,0:39:31,0:41:02,0:39:31,,,,,,female,60+,91,0,0,0
3465,0:39:37,0:42:04,,,,,0:40:00,0:39:48,male,60+,147,0,0,0
3466,0:39:41,0:41:51,0:39:41,,,,,,male,0-19,130,0,0,0
3471,0:39:45,0:52:26,0:41:27,0:45:29,0:43:46,,0:42:39,0:42:47,female,60+,761,242,0,8
3472,0:39:48,0:50:19,,,,,,,female,60+,631,0,0,0
3474,0:39:51,0:52:28,,,0:49:32,0:51:02,0:46:53,0:47:03,female,20-39,757,0,90,10
3480,0:39:58,0:40:20,,,,,,,female,60+,22,0,0,0
3481,0:40:00,0:44:26,,,,,,,male,20-39,266,0,0,0
3482,0:40:02,0:40:21,,,,,,,female,60+,19,0,0,0
3485,0:40:12,0:40:42,,,,,0:40:12,,male,60+,30,0,0,0
3486,0:40:17,0:42:50,,,,,,,male,20-39,153,0,0,0
3489,0:40:28,0:41:18,,,0:40:28,0:40:44,,,male,60+,50,0,16,0
3490,0:40:30,0:40:51,,,,,0:40:30,,male,0-19,21,0,0,0
3493,0:40:34,0:41:19,,,,,,,male,60+,45,0,0,0
3494,0:40:36,,0:40:37,,,,,,female,20-39,0,0,0,0
3495,0:40:39,0:43:17,,,,,,,female,60+,158,0,0,0
3497,0:40:46,,,,,,,,female,60+,0,0,0,0
3498,0:40:48,0:44:29,,,,,0:41:41,0:41:42,female,60+,221,0,0,1
3502,0:40:56,0:44:03,,,,,0:40:57,0:41:28,male,60+,187,0,0,31
3508,0:41:02,0:42:07,0:41:11,0:41:38,,,,,male,60+,65,27,0,0
3509,0:41:04,0:44:55,,,,,,,female,60+,231,0,0,0
3511,0:41:13,1:06:24,1:05:25,1:05:46,1:04:22,1:04:24,,,female,60+,1511,21,2,0
3514,0:41:15,0:52:19,,,0:49:28,0:51:00,0:41:39,0:44:31,male,60+,664,0,92,172
3515,0:41:17,0:42:12,,,0:41:17,,,,male,60+,55,0,0,0
3521,0:41:24,0:43:09,,,,,,,female,60+,105,0,0,0
3522,0:41:25,0:42:35,,,,,,,male,60+,70,0,0,0
3525,0:41:31,0:52:30,0:47:11,0:47:34,0:49:33,0:51:05,,,female,60+,659,23,92,0
3528,0:41:35,0:42:32,,,,,0:41:35,0:42:06,female,60+,57,0,0,31
3533,0:41:43,0:44:43,0:42:25,0:43:48,,,,,female,40-59,180,83,0,0
3535,0:41:45,0:42:24,,,,,,,male,60+,39,0,0,0
3537,0:41:47,0:44:54,0:43:40,0:43:49,,,,,male,60+,187,9,0,0
3539,0:41:52,0:42:18,,,,,,,male,60+,26,0,0,0
3540,0:41:54,0:42:59,0:42:33,,,,,,female,60+,65,0,0,0
3541,0:41:59,0:45:53,,,0:45:26,0:44:02,,,female,60+,234,0,0,0
3543,0:42:02,0:45:47,,,,,0:44:54,0:45:01,female,60+,225,0,0,7
3544,0:42:08,0:42:37,,,,,,,female,60+,29,0,0,0
3547,0:42:10,0:42:39,,,,,0:42:10,,male,60+,29,0,0,0
3550,0:42:13,0:42:40,0:42:13,,,,,,female,60+,27,0,0,0
3551,0:42:16,0:42:42,,,,,,,male,20-39,26,0,0,0
3552,0:42:16,0:42:56,,,,,,,male,60+,40,0,0,0
3554,0:42:22,0:43:06,,,,,0:42:34,,male,60+,44,0,0,0
3555,0:42:24,0:42:49,,,,,0:42:24,,male,60+,25,0,0,0
3558,0:42:39,0:44:31,0:42:39,,,,,,male,60+,112,0,0,0
3560,0:42:42,0:43:34,,,,,,,female,60+,52,0,0,0
3564,0:42:48,0:43:46,0:42:48,,,,,,female,20-39,58,0,0,0
3568,0:42:51,0:43:33,,,,,,,male,60+,42,0,0,0
3569,0:42:52,0:43:17,,,,,,,male,60+,25,0,0,0
3571,0:42:59,0:45:42,,,,,,,female,20-39,163,0,0,0
3578,0:43:14,0:43:57,,,,,0:43:14,,male,60+,43,0,0,0
3580,0:43:16,0:43:44,0:43:16,,,,,,male,60+,28,0,0,0
3581,0:43:17,0:43:42,0:43:17,,,,,,female,60+,25,0,0,0
3583,0:43:20,0:43:49,,,,,,,male,20-39,29,0,0,0
3584,0:43:21,0:44:37,,,,,,,male,60+,76,0,0,0
3587,0:43:22,0:44:38,0:43:23,0:43:49,,,,,female,60+,76,26,0,0
3592,0:43:26,0:44:01,,,,,,,male,20-39,35,0,0,0
3597,0:43:31,0:44:21,,,,,,,male,60+,50,0,0,0
3599,0:43:38,0:58:31,,0:49:55,0:47:28,,0:51:05,0:53:48,female,60+,893,2995,0,163
3600,0:43:39,0:44:43,,,,,,,female,60+,64,0,0,0
3602,0:43:47,0:45:54,0:43:53,,,,,,male,60+,127,0,0,0
3606,0:43:54,0:46:06,,,,,,,male,60+,132,0,0,0
3611,0:44:05,0:47:26,,,,,0:44:48,0:45:38,male,20-39,201,0,0,50
3612,0:44:05,0:46:21,,,,,,,female,60+,136,0,0,0
3616,0:44:07,1:01:57,,,,,,,male,60+,1070,0,0,0
3623,0:44:10,0:45:59,,,,,,,female,60+,109,0,0,0
3624,0:44:11,0:44:36,,,,,,,female,20-39,25,0,0,0
3627,0:44:14,0:47:17,0:45:15,0:46:55,,,,,male,60+,183,100,0,0
3628,0:44:15,0:44:39,0:44:15,,,,,,female,40-59,24,0,0,0
3629,0:44:16,0:50:11,0:44:32,,,0:49:00,,,male,60+,355,0,2940,0
3631,0:44:19,0:44:40,,,,,,,male,60+,21,0,0,0
3637,0:44:42,1:03:33,0:48:08,0:48:01,,0:55:21,0:57:59,1:01:54,male,20-39,1131,0,3321,235
3638,0:44:45,0:53:26,0:52:58,,0:47:26,0:52:14,0:47:06,0:47:18,male,60+,521,0,288,12
3640,0:44:46,0:45:14,,,,,,,male,60+,28,0,0,0
3642,0:44:50,0:45:26,,,,,,,female,60+,36,0,0,0
3645,0:44:57,0:45:21,,,,,0:44:57,,male,60+,24,0,0,0
3647,0:45:00,0:46:22,,,,,0:45:01,,male,60+,82,0,0,0
3649,0:45:02,1:01:01,,,,,,,male,20-39,959,0,0,0
3651,0:45:07,1:03:24,0:51:38,0:57:59,1:02:53,1:02:53,,,male,60+,1097,381,0,0
3656,0:45:12,0:51:40,,,,,,,female,60+,388,0,0,0
3657,0:45:13,0:45:36,,,,,,,female,20-39,23,0,0,0
3658,0:45:20,0:52:35,,,,,,,male,60+,435,0,0,0
3661,0:45:23,1:01:39,0:58:25,1:00:28,,,,,female,20-39,976,123,0,0
3662,0:45:25,0:48:11,,,0:47:47,0:47:50,,,male,60+,166,0,3,0
3664,0:45:26,0:45:54,,,,,0:45:26,,female,60+,28,0,0,0
3667,0:45:31,0:46:23,0:45:32,,,,,,male,60+,52,0,0,0
3668,0:45:40,0:49:29,0:46:12,0:47:17,0:47:55,,,,male,60+,229,65,0,0
3669,0:45:41,0:46:16,,,,,,,male,60+,35,0,0,0
3670,0:45:50,0:46:15,,,,,,,male,0-19,25,0,0,0
3677,0:45:56,0:46:39,,,,,,,male,60+,43,0,0,0
3679,0:45:58,0:46:22,,,,,,,female,20-39,24,0,0,0
3681,0:46:01,0:48:35,0:47:09,0:47:26,,,,,male,60+,154,17,0,0
3682,0:46:05,0:46:30,0:46:05,,,,,,female,20-39,25,0,0,0
3684,0:46:07,0:46:48,,,,,,,male,60+,41,0,0,0
3694,0:46:28,0:47:04,,,0:46:28,,,,female,60+,36,0,0,0
3695,0:46:29,0:47:22,,,,,,,female,60+,53,0,0,0
3697,0:46:33,0:46:56,,,,,,,female,60+,23,0,0,0
3699,0:46:36,0:49:03,,,,,0:46:36,,female,60+,147,0,0,0
3702,0:46:37,0:48:15,0:46:54,0:47:03,,,0:47:53,0:47:54,male,20-39,98,9,0,1
3703,0:46:42,0:49:22,0:47:24,0:47:47,,,,,male,60+,160,23,0,0
3706,0:46:49,0:47:15,,,,,,,male,20-39,26,0,0,0
3707,0:46:50,0:47:26,,,,,,,male,60+,36,0,0,0
3709,0:46:58,0:47:20,0:46:59,,,,,,male,20-39,22,0,0,0
3716,0:47:12,0:56:29,0:49:03,0:49:24,0:54:25,0:54:32,,,female,60+,557,21,7,0
3717,0:47:14,0:48:41,0:47:14,0:47:30,,,,,male,20-39,87,16,0,0
3718,0:47:15,0:47:56,,,,,,,male,0-19,41,0,0,0
3719,0:47:18,0:56:29,0:55:28,0:55:53,,,,,female,60+,551,25,0,0
3725,0:47:24,0:48:07,,,,,,,male,60+,43,0,0,0
3734,0:47:29,0:47:52,,,,,,,female,20-39,23,0,0,0
3735,0:47:30,0:48:04,,,,,,,male,60+,34,0,0,0
3738,0:47:32,0:47:55,,,,,,,male,20-39,23,0,0,0
3739,0:47:33,0:47:55,0:47:33,,,,,,female,60+,22,0,0,0
3742,0:47:39,0:50:18,,,,,,,female,60+,159,0,0,0
3743,0:47:40,0:50:00,,,,,,,male,60+,140,0,0,0
3745,0:47:43,0:48:04,,,,,,,male,60+,21,0,0,0
3746,0:47:52,0:48:13,0:47:53,,,,,,female,60+,21,0,0,0
3750,0:48:01,0:48:22,,,,,,,male,60+,21,0,0,0
3752,0:48:06,0:49:43,,,,,,,male,60+,97,0,0,0
3755,0:48:15,1:03:42,,,,,1:03:14,1:03:14,male,60+,927,0,0,0
3756,0:48:16,0:54:47,,,0:51:02,0:54:26,,,male,60+,391,0,204,0
3759,0:48:20,0:49:24,,,,,,,male,60+,64,0,0,0
3762,0:48:21,0:49:31,,,0:48:23,0:48:55,,,male,60+,70,0,32,0
3768,0:48:28,0:50:26,,,,,,,male,60+,118,0,0,0
3770,0:48:29,0:51:28,,,,,,,female,60+,179,0,0,0
3775,0:48:38,0:51:30,,,,,,,female,60+,172,0,0,0
3778,0:48:41,0:49:10,0:48:41,,,,,,female,60+,29,0,0,0
3780,0:48:43,0:55:28,,,0:53:52,0:54:29,0:54:42,0:55:04,male,20-39,405,0,37,22
3781,0:48:45,0:49:27,,,,,,,male,0-19,42,0,0,0
3782,0:48:46,0:49:42,,,,,,,male,60+,56,0,0,0
3783,0:48:47,0:49:21,,,,,0:48:48,,male,60+,34,0,0,0
3784,0:48:48,,0:51:07,,,,0:49:25,0:50:36,female,60+,0,0,0,71
3785,0:48:49,1:01:13,,,0:54:27,0:54:28,1:00:28,1:00:41,male,20-39,744,0,1,13
3786,0:48:51,1:04:01,0:53:35,0:53:45,,,1:03:05,1:03:06,female,60+,910,10,0,1
3789,0:48:54,0:49:35,,,,,,,male,60+,41,0,0,0
3795,0:48:59,0:51:20,,,,,,,male,20-39,141,0,0,0
3798,0:49:03,0:49:43,,,,,,,male,20-39,40,0,0,0
3804,0:49:12,0:53:24,,,0:49:13,0:52:02,,,male,60+,252,0,169,0
3807,0:49:16,0:50:27,,,,,0:49:16,,male,60+,71,0,0,0
3821,0:49:37,0:50:15,,,,,,,male,20-39,38,0,0,0
3825,0:49:40,0:57:36,,,,,0:49:40,,female,60+,476,0,0,0
3829,0:49:41,0:50:57,,,,,0:50:35,,male,60+,76,0,0,0
3833,0:49:46,0:50:30,,,,,,,male,60+,44,0,0,0
3835,0:49:49,0:50:30,,,,,,,male,60+,41,0,0,0
3836,0:49:50,0:50:43,,,,,,,female,60+,53,0,0,0
3837,0:49:51,0:50:37,,,,,,,female,60+,46,0,0,0
3839,0:49:54,0:50:31,,,,,,,female,20-39,37,0,0,0
3841,0:49:57,0:50:24,,,0:49:58,,,,female,20-39,27,0,0,0
3842,0:49:59,0:52:41,,,,,0:50:37,0:50:36,female,60+,162,0,0,0
3845,0:50:02,0:52:24,,,,,,,male,60+,142,0,0,0
3847,0:50:04,0:50:52,,,,,,,male,60+,48,0,0,0
3848,0:50:05,0:50:43,,,,,,,male,20-39,38,0,0,0
3849,0:50:07,0:52:29,,,,,0:50:34,0:52:01,female,60+,142,0,0,87
3862,0:50:40,0:52:55,,,0:52:31,0:50:54,0:51:18,0:52:13,male,20-39,135,0,0,55
3864,0:50:45,0:52:58,,,0:50:46,0:50:52,,,male,60+,133,0,6,0
3865,0:50:45,0:51:14,,,,,,,female,20-39,29,0,0,0
3866,0:50:47,0:51:11,,,0:50:47,,,,male,60+,24,0,0,0
3872,0:50:58,0:53:13,0:50:59,0:52:15,,,,,female,60+,135,76,0,0
3874,0:51:00,0:52:20,,,0:51:06,,,,male,60+,80,0,0,0
3878,0:51:09,0:51:44,,,,,,,female,60+,35,0,0,0
3882,0:51:16,0:53:48,0:52:32,0:52:50,,,,,female,60+,152,18,0,0
3884,0:51:19,0:52:12,,,,,,,female,60+,53,0,0,0
3887,0:51:23,1:03:51,,,0:51:58,0:53:20,1:03:23,1:03:25,female,60+,748,0,82,2
3893,0:51:29,0:58:59,,,0:51:41,0:53:16,,,female,20-39,450,0,95,0
3896,0:51:34,0:54:04,,,,,,,female,20-39,150,0,0,0
3897,0:51:35,,,,0:51:35,0:58:35,1:04:54,1:04:12,female,60+,0,0,420,0
3898,0:51:40,,,,,,1:02:42,,female,60+,0,0,0,0
3900,0:51:42,0:53:17,,,0:51:48,0:51:53,,,male,60+,95,0,5,0
3903,0:51:45,0:56:52,,,,,0:54:56,,male,60+,307,0,0,0
3905,0:51:46,0:52:47,0:51:46,,,,,,male,60+,61,0,0,0
3916,0:51:54,0:54:20,,,,,0:53:43,0:53:59,male,60+,146,0,0,16
3917,0:51:55,0:52:48,,,,,,,male,60+,53,0,0,0
3918,0:51:58,0:52:45,0:52:01,,,,,,male,60+,47,0,0,0
3919,0:52:05,0:53:58,,,,,,,male,60+,113,0,0,0
3920,0:52:08,0:52:35,,,,,,,female,60+,27,0,0,0
3928,0:52:21,0:55:15,,,,,,,male,40-59,174,0,0,0
3929,0:52:26,0:56:30,0:52:37,0:52:45,0:54:05,0:55:17,,,male,60+,244,8,72,0
3930,0:52:32,,1:05:37,1:06:22,1:07:29,1:08:35,1:00:40,1:04:04,female,60+,0,45,66,204
3933,0:52:37,0:53:31,,,,,,,male,60+,54,0,0,0
3934,0:52:39,0:53:17,,,,,,,male,60+,38,0,0,0
3935,0:52:41,0:53:06,,,,,0:52:41,,male,60+,25,0,0,0
3936,0:52:49,0:53:27,,,,,,,male,60+,38,0,0,0
3941,0:52:56,1:01:13,,,,,0:52:57,,female,60+,497,0,0,0
3942,0:53:00,0:53:29,,,,,,,female,60+,29,0,0,0
3944,0:53:02,0:53:33,,,,,,,female,60+,31,0,0,0
3945,0:53:04,1:03:58,1:02:36,0:53:05,,,1:00:09,1:00:14,male,60+,654,0,0,5
3947,0:53:07,0:53:36,,,,,,,male,60+,29,0,0,0
3948,0:53:09,0:56:16,,,0:53:09,0:54:41,,,male,60+,187,0,92,0
3950,0:53:12,0:53:39,,,,,,,male,20-39,27,0,0,0
3952,0:53:16,0:53:41,,,,,0:53:16,,male,60+,25,0,0,0
3953,0:53:19,,,,,,1:07:52,,female,60+,0,0,0,0
3956,0:53:28,0:53:51,,,,,,,female,60+,23,0,0,0
3958,0:53:30,0:56:42,,,,0:55:08,0:53:30,,male,60+,192,0,3308,0
3960,0:53:35,0:55:59,,,,,,,male,60+,144,0,0,0
3973,0:53:48,0:54:11,,,,,,,male,60+,23,0,0,0
3974,0:53:49,0:57:19,,,,,0:53:50,,male,60+,210,0,0,0
3975,0:53:56,0:56:28,,,0:54:08,0:55:15,,,female,60+,152,0,67,0
3977,0:54:02,0:56:10,,,,,,,male,20-39,128,0,0,0
3980,0:54:12,0:56:49,0:54:43,0:54:54,,,,,male,20-39,157,11,0,0
3982,0:54:17,1:03:33,1:01:17,1:01:15,0:59:43,0:59:44,,1:02:43,male,20-39,556,0,1,3763
3983,0:54:18,0:56:05,0:55:28,,,,,,male,60+,107,0,0,0
3984,0:54:20,0:55:06,,,,,,,female,60+,46,0,0,0
3991,0:54:31,1:02:13,0:54:41,0:55:07,0:57:23,1:00:14,,,male,20-39,462,26,171,0
3994,0:54:36,0:55:23,,,,,0:54:36,,male,60+,47,0,0,0
3996,0:54:41,0:56:43,,,,,,,male,60+,122,0,0,0
4000,0:54:52,0:58:11,,,,,,,male,60+,199,0,0,0
4001,0:54:55,0:59:25,,,,,,,male,60+,270,0,0,0
4002,0:54:56,0:55:45,,,,,,,male,60+,49,0,0,0
4004,0:54:58,0:58:59,,,,,,,female,20-39,241,0,0,0
4005,0:55:01,1:03:04,0:57:33,0:55:33,,,,,male,20-39,483,0,0,0
4009,0:55:04,1:03:20,,,0:55:05,0:58:39,,,female,60+,496,0,214,0
4012,0:55:06,0:56:35,,,,,,,female,20-39,89,0,0,0
4013,0:55:09,0:55:38,,,,,,,male,20-39,29,0,0,0
4016,0:55:12,0:55:50,,,,,,,female,20-39,38,0,0,0
4019,0:55:20,0:55:50,,,,,,,male,40-59,30,0,0,0
4025,0:55:31,1:01:43,,,,,,,female,60+,372,0,0,0
4026,0:55:40,1:02:58,,,,,,,female,60+,438,0,0,0
4027,0:55:41,0:58:11,0:55:41,,,,,,female,20-39,150,0,0,0
4028,0:55:42,0:56:14,,,,,0:55:42,,female,40-59,32,0,0,0
4030,0:55:44,0:56:17,,,,,,,male,0-19,33,0,0,0
4031,0:55:45,1:06:29,,,,,1:01:27,1:04:48,male,60+,644,0,0,201
4032,0:55:48,1:04:11,,,,,0:55:52,1:03:20,female,60+,503,0,0,448
4034,0:55:59,0:57:27,,,,,,,male,60+,88,0,0,0
4035,0:56:04,0:56:32,,,,,0:56:04,,male,60+,28,0,0,0
4039,0:56:07,0:59:48,,,,,,,male,60+,221,0,0,0
4040,0:56:09,1:01:48,,,,,,,male,60+,339,0,0,0
4043,0:56:12,0:56:45,,,,,,,male,60+,33,0,0,0
4056,0:56:35,1:01:08,1:00:18,1:00:25,,,,,male,60+,273,7,0,0
4057,0:56:37,0:58:16,,,,,,,male,60+,99,0,0,0
4060,0:56:39,1:04:25,0:59:06,1:01:19,,,,,male,60+,466,133,0,0
4061,0:56:43,0:57:19,0:56:43,,,,,,male,60+,36,0,0,0
4063,0:56:47,0:58:58,,,0:56:47,0:58:03,,,male,60+,131,0,76,0
4064,0:56:54,0:57:17,,,,,,,male,60+,23,0,0,0
4065,0:56:56,1:07:11,,,0:57:36,1:00:08,1:03:54,1:04:20,male,60+,615,0,152,26
4068,0:57:01,1:00:09,,,,,,,female,60+,188,0,0,0
4069,0:57:02,1:02:52,,,,,1:02:14,1:02:15,male,60+,350,0,0,1
4075,0:57:10,0:57:36,,,,,,,male,60+,26,0,0,0
4078,0:57:18,0:58:47,0:57:50,0:58:12,,,,,male,0-19,89,22,0,0
4079,0:57:21,1:06:39,,,,,1:03:39,1:06:00,male,60+,558,0,0,141
4081,0:57:24,1:02:53,1:00:28,0:59:58,,,,,male,20-39,329,0,0,0
4082,0:57:26,0:58:05,0:57:27,,,,,,male,60+,39,0,0,0
4086,0:57:33,1:02:07,,,,,,,male,20-39,274,0,0,0
4088,0:57:38,1:07:11,,,0:58:55,0:59:57,,,male,20-39,573,0,62,0
4090,0:57:42,0:58:13,,,,,,,female,60+,31,0,0,0
4095,0:57:46,1:01:59,,,,,,,female,60+,253,0,0,0
4098,0:57:51,1:02:33,,,0:57:51,1:00:34,1:01:58,,male,60+,282,0,163,0
4100,0:57:52,,,,1:07:19,1:07:42,,,male,60+,0,0,23,0
4101,0:57:56,,0:57:56,1:00:14,1:00:26,1:00:59,,,male,20-39,0,138,33,0
4102,0:57:57,0:59:49,,,,,,,male,60+,112,0,0,0
4105,0:58:02,1:02:11,,,,,,,male,60+,249,0,0,0
4109,0:58:05,0:59:39,,,,,,,male,40-59,94,0,0,0
4114,0:58:10,1:00:32,,,,,,,female,60+,142,0,0,0
4118,0:58:14,0:59:01,0:58:23,,,,,,female,60+,47,0,0,0
4121,0:58:17,0:59:49,,,,,,,male,60+,92,0,0,0
4122,0:58:19,0:59:23,,,,,,,male,20-39,64,0,0,0
4123,0:58:21,1:06:51,,,,,1:03:32,1:06:21,male,60+,510,0,0,169
4124,0:58:22,0:58:54,,,,,,,male,20-39,32,0,0,0
4128,0:58:26,1:06:28,,,,,0:59:38,1:04:05,female,60+,482,0,0,267
4131,0:58:29,1:02:14,,,,,0:58:31,,male,60+,225,0,0,0
4132,0:58:31,1:02:54,0:58:32,1:02:21,,,,,male,60+,263,229,0,0
4134,0:58:34,1:00:11,,,,,,,male,40-59,97,0,0,0
4138,0:58:42,0:59:57,,,,,,,female,60+,75,0,0,0
4142,0:58:44,1:03:40,0:58:44,,,1:00:40,,,male,40-59,296,0,3640,0
4144,0:58:47,0:59:25,,,,,,,male,60+,38,0,0,0
4145,0:58:52,1:01:52,0:59:42,0:59:59,,,,,male,60+,180,17,0,0
4150,0:58:56,0:59:28,,,,,,,male,60+,32,0,0,0
4153,0:58:59,1:00:40,,,,,,,male,60+,101,0,0,0
4161,0:59:08,1:02:30,,,,,,,female,60+,202,0,0,0
4162,0:59:09,1:01:13,0:59:30,,,,,,male,60+,124,0,0,0
4163,0:59:10,1:00:20,,,,,,,male,60+,70,0,0,0
4166,0:59:18,,,,,,1:03:30,1:04:12,male,60+,0,0,0,42
4167,0:59:22,1:04:41,,,,,1:04:12,1:04:13,male,60+,319,0,0,1
4173,0:59:29,,1:02:20,1:02:36,,,1:09:08,1:09:08,female,20-39,0,16,0,0
4174,0:59:31,1:00:34,,,,,,,male,60+,63,0,0,0
4178,0:59:36,1:02:54,,,,,,,female,60+,198,0,0,0
4179,0:59:37,,1:08:23,1:03:06,,,,,male,60+,0,0,0,0
4184,0:59:50,1:00:38,0:59:50,,,,,,male,20-39,48,0,0,0
4187,0:59:51,1:03:11,0:59:52,1:00:06,,,1:00:59,,female,60+,200,14,0,0
4196,1:00:02,,,,,,1:04:59,1:06:35,male,60+,0,0,0,96
4199,1:00:06,1:00:38,,,,,,,male,60+,32,0,0,0
4203,1:00:15,1:01:31,,,,,,,male,20-39,76,0,0,0
4212,1:00:23,1:02:25,,,,,1:01:36,,female,60+,122,0,0,0
4220,1:00:30,1:01:13,1:00:31,,,,,,male,20-39,43,0,0,0
4222,1:00:35,1:02:41,,,,,1:01:14,1:02:08,female,60+,126,0,0,54
4223,1:00:37,1:02:35,,,,,,,male,20-39,118,0,0,0
4226,1:00:43,1:01:46,,,,,,,male,60+,63,0,0,0
4229,1:00:50,1:01:26,,,,,,,male,60+,36,0,0,0
4231,1:00:54,,,,,,1:01:07,1:03:33,male,60+,0,0,0,146
4236,1:01:10,1:08:26,,,,,,,male,20-39,436,0,0,0
4238,1:01:13,1:02:29,,,,,1:01:17,1:01:31,female,60+,76,0,0,14
4239,1:01:19,,,,,,,,male,60+,0,0,0,0
4243,1:01:29,1:02:29,,,,,,,male,20-39,60,0,0,0
4245,1:01:30,1:06:16,,,,,1:03:42,1:03:23,female,60+,286,0,0,0
4250,1:01:36,1:07:55,1:07:18,1:07:31,,,,,male,60+,379,13,0,0
4251,1:01:37,1:02:54,1:01:44,1:01:48,,,,,female,60+,77,4,0,0
4254,1:01:42,1:04:14,,,,,1:01:43,1:03:03,female,40-59,152,0,0,80
4262,1:01:49,1:07:20,,,,,1:01:49,1:05:43,male,60+,331,0,0,234
4263,1:01:50,,1:08:04,1:07:50,,,,,male,60+,0,0,0,0
4266,1:01:54,1:02:48,,,,,,,male,20-39,54,0,0,0
4269,1:01:57,1:04:47,,,,,,,male,0-19,170,0,0,0
4271,1:02:00,1:02:51,,,,,,,male,20-39,51,0,0,0
4273,1:02:05,1:03:45,1:03:09,,,,,,female,60+,100,0,0,0
4276,1:02:11,1:02:44,,,,,,,male,40-59,33,0,0,0
4279,1:02:16,1:04:41,,,,,,,male,20-39,145,0,0,0
4280,1:02:18,1:07:20,,,,,1:02:56,1:05:50,female,60+,302,0,0,174
4282,1:02:26,1:06:49,,,,,,,male,60+,263,0,0,0
4283,1:02:28,1:04:35,,,,,1:02:58,1:04:10,female,60+,127,0,0,72
4285,1:02:33,1:03:07,,,,,1:02:33,,male,60+,34,0,0,0
4286,1:02:34,1:03:45,,,,,,,male,20-39,71,0,0,0
4287,1:02:40,1:03:24,,,,,,,male,60+,44,0,0,0
4293,1:03:00,1:03:33,,,,,,,female,60+,33,0,0,0
4294,1:03:01,1:06:26,1:03:07,,,,,,female,20-39,205,0,0,0
4296,1:03:09,1:03:39,,,,,,,female,20-39,30,0,0,0
4298,1:03:23,,,,,,1:03:23,1:03:44,female,20-39,0,0,0,21
4305,1:03:43,1:04:42,,,,,,,male,60+,59,0,0,0
4308,1:03:50,1:04:18,,,,,,,male,60+,28,0,0,0
4312,1:03:52,,,,,,,,female,20-39,0,0,0,0
4313,1:03:53,1:05:34,,,,,,,male,20-39,101,0,0,0
4316,1:03:58,1:06:46,1:04:42,1:04:49,,,,,male,60+,168,7,0,0
4317,1:04:02,1:05:48,,,,,,,male,20-39,106,0,0,0
4322,1:04:07,1:08:20,1:06:47,1:05:07,,,,,female,60+,253,0,0,0
4323,1:04:08,,1:07:51,1:08:52,1:05:20,1:05:51,1:05:59,1:07:24,female,60+,0,61,31,85
4324,1:04:11,1:04:48,,,,,,,female,20-39,37,0,0,0
4327,1:04:15,1:05:20,,,,,,,male,60+,65,0,0,0
4328,1:04:15,1:06:36,,,,,,,male,20-39,141,0,0,0
4329,1:04:16,1:04:46,,,,,,,male,60+,30,0,0,0
4332,1:04:23,1:09:01,1:07:25,1:07:45,,,,,male,60+,278,20,0,0
4339,1:04:35,1:05:44,1:04:35,,,,,,female,60+,69,0,0,0
4342,1:04:36,1:06:23,,,,,,,male,20-39,107,0,0,0
4347,1:04:42,,,,1:04:42,,,,male,60+,0,0,0,0
4348,1:04:44,1:05:36,,,,,,,male,40-59,52,0,0,0
4349,1:04:45,1:05:38,,,,,,,female,60+,53,0,0,0
4354,1:04:49,1:08:43,1:06:02,1:06:25,,,,,male,60+,234,23,0,0
4355,1:04:50,1:05:36,1:04:51,,,,,,female,40-59,46,0,0,0
4356,1:04:51,1:05:27,,,,,,,male,60+,36,0,0,0
4357,1:04:52,1:05:44,,,,,,,male,60+,52,0,0,0
4358,1:04:56,1:05:51,,,,,,,male,60+,55,0,0,0
4360,1:04:58,,1:08:49,1:08:51,1:08:11,1:08:24,,,male,60+,0,2,13,0
4366,1:05:01,1:07:50,1:05:39,1:07:00,,,,,female,20-39,169,81,0,0
4367,1:05:02,,1:08:59,1:08:29,,,1:05:02,1:06:46,male,60+,0,0,0,104
4368,1:05:03,,1:08:45,1:08:44,1:06:23,1:06:24,,,male,60+,0,0,1,0
4369,1:05:04,1:06:33,,,,,,,male,60+,89,0,0,0
4375,1:05:11,1:05:49,1:05:12,,,,,,female,60+,38,0,0,0
4376,1:05:13,1:05:51,,,,,,,male,60+,38,0,0,0
4378,1:05:14,,1:06:04,1:06:15,1:07:35,1:08:35,,,male,60+,0,11,60,0
4379,1:05:15,1:05:49,,,,,,,male,60+,34,0,0,0
4380,1:05:18,,1:05:18,,,,,,male,60+,0,0,0,0
4385,1:05:23,1:07:10,,,,,,,female,60+,107,0,0,0
4387,1:05:28,,1:08:40,1:05:49,,,,,male,20-39,0,0,0,0
4394,1:05:40,1:06:49,,,,,,,male,60+,69,0,0,0
4395,1:05:41,,,,,,,,female,20-39,0,0,0,0
4396,1:05:42,1:06:23,1:05:42,,,,,,male,60+,41,0,0,0
4398,1:05:47,,,,,,,,male,60+,0,0,0,0
4403,1:05:53,1:08:52,1:05:53,1:07:49,,,,,female,60+,179,116,0,0
4412,1:06:02,1:06:51,,,,,1:06:04,1:06:23,female,20-39,49,0,0,19
4414,1:06:03,1:07:33,,,,,,,male,60+,90,0,0,0
4418,1:06:09,1:06:39,1:06:10,,,,,,male,60+,30,0,0,0
4419,1:06:11,1:06:40,,,,,,,male,60+,29,0,0,0
4420,1:06:12,,,,,,1:06:14,,female,60+,0,0,0,0
4424,1:06:38,1:08:34,1:07:42,1:07:47,,,,,male,60+,116,5,0,0
4428,1:06:52,1:08:14,,,,,,,female,60+,82,0,0,0
4429,1:06:57,1:07:37,1:06:57,,,,,,male,60+,40,0,0,0
4430,1:07:08,1:08:20,,,,,,,male,20-39,72,0,0,0
4431,1:07:16,,,,,,,,male,20-39,0,0,0,0
4432,1:07:17,,,,,,,,female,60+,0,0,0,0
4434,1:07:21,1:08:30,,,,,,,male,60+,69,0,0,0
4440,1:07:38,,,,1:08:28,,,,male,60+,0,0,0,0
4441,1:07:41,,,,,,1:08:03,,male,60+,0,0,0,0
4442,1:07:43,1:08:10,,,,,,,male,60+,27,0,0,0
4443,1:07:44,1:08:47,,,1:08:21,,,,male,60+,63,0,0,0
4450,1:07:56,,,,1:08:50,1:08:50,,,male,60+,0,0,0,0
4453,1:08:00,,,,1:08:48,,,,female,60+,0,0,0,0
4456,1:08:02,1:08:29,,,,,,,male,60+,27,0,0,0
4457,1:08:05,1:08:35,,,,,,,female,40-59,30,0,0,0
4458,1:08:07,,,,,,,,male,60+,0,0,0,0
4460,1:08:11,,,,,,,,male,60+,0,0,0,0
4463,1:08:13,1:08:47,,,,,,,male,0-19,34,0,0,0
4464,1:08:14,,,,,,1:09:03,,male,60+,0,0,0,0
4467,1:08:23,,,,,,,,male,40-59,0,0,0,0
4471,1:08:27,1:08:51,,,,,,,male,20-39,24,0,0,0
4474,1:08:34,1:09:07,,,,,,,male,60+,33,0,0,0
4479,1:08:42,,,,,,,,male,60+,0,0,0,0
4486,1:08:53,,,,,,,,male,20-39,0,0,0,0
4487,1:08:55,,,,,,,,female,40-59,0,0,0,0
4488,1:08:59,,1:08:59,,,,,,male,60+,0,0,0,0
4490,1:09:06,,1:09:06,,,,,,male,60+,0,0,0,0
